Driver,LapNumber,LapTime,IsPersonalBest,LapStartTime_seconds,LapFinishTime_seconds,LapStartTime_KST,LapFinishTime_KST
HAM,1.0,0 days 00:01:36.034000,False,3495.512,3591.778,2024-07-07 23:58:15.512,2024-07-07 23:59:51.778
HAM,2.0,0 days 00:01:31.420000,True,3591.778,3683.198,2024-07-07 23:59:51.778,2024-07-08 00:01:23.198
HAM,3.0,0 days 00:01:31.716000,False,3683.198,3774.914,2024-07-08 00:01:23.198,2024-07-08 00:02:54.914
HAM,4.0,0 days 00:01:31.988000,False,3774.914,3866.902,2024-07-08 00:02:54.914,2024-07-08 00:04:26.902
HAM,5.0,0 days 00:01:31.677000,False,3866.902,3958.579,2024-07-08 00:04:26.902,2024-07-08 00:05:58.579
HAM,6.0,0 days 00:01:31.746000,False,3958.579,4050.325,2024-07-08 00:05:58.579,2024-07-08 00:07:30.325
HAM,7.0,0 days 00:01:31.675000,False,4050.325,4142.0,2024-07-08 00:07:30.325,2024-07-08 00:09:02.000
HAM,8.0,0 days 00:01:31.760000,False,4142.0,4233.76,2024-07-08 00:09:02.000,2024-07-08 00:10:33.760
HAM,9.0,0 days 00:01:31.564000,False,4233.76,4325.324,2024-07-08 00:10:33.760,2024-07-08 00:12:05.323
HAM,10.0,0 days 00:01:31.515000,False,4325.324,4416.839,2024-07-08 00:12:05.323,2024-07-08 00:13:36.839
HAM,11.0,0 days 00:01:31.487000,False,4416.839,4508.326,2024-07-08 00:13:36.839,2024-07-08 00:15:08.326
HAM,12.0,0 days 00:01:31.563000,False,4508.326,4599.889,2024-07-08 00:15:08.326,2024-07-08 00:16:39.889
HAM,13.0,0 days 00:01:31.881000,False,4599.889,4691.77,2024-07-08 00:16:39.889,2024-07-08 00:18:11.770
HAM,14.0,0 days 00:01:31.609000,False,4691.77,4783.379,2024-07-08 00:18:11.770,2024-07-08 00:19:43.379
HAM,15.0,0 days 00:01:31.563000,False,4783.379,4874.942,2024-07-08 00:19:43.379,2024-07-08 00:21:14.942
HAM,16.0,0 days 00:01:31.931000,False,4874.942,4966.873,2024-07-08 00:21:14.942,2024-07-08 00:22:46.873
HAM,17.0,0 days 00:01:33.721000,False,4966.873,5060.594,2024-07-08 00:22:46.873,2024-07-08 00:24:20.594
HAM,18.0,0 days 00:01:35.071000,False,5060.594,5155.665,2024-07-08 00:24:20.594,2024-07-08 00:25:55.665
HAM,19.0,0 days 00:01:43.711000,False,5155.665,5259.376,2024-07-08 00:25:55.665,2024-07-08 00:27:39.376
HAM,20.0,0 days 00:01:40.021000,False,5259.376,5359.397,2024-07-08 00:27:39.376,2024-07-08 00:29:19.397
HAM,21.0,0 days 00:01:32.156000,False,5359.397,5451.553,2024-07-08 00:29:19.397,2024-07-08 00:30:51.553
HAM,22.0,0 days 00:01:31.095000,True,5451.553,5542.648,2024-07-08 00:30:51.553,2024-07-08 00:32:22.648
HAM,23.0,0 days 00:01:31.107000,False,5542.648,5633.755,2024-07-08 00:32:22.648,2024-07-08 00:33:53.755
HAM,24.0,0 days 00:01:31.635000,False,5633.755,5725.39,2024-07-08 00:33:53.755,2024-07-08 00:35:25.390
HAM,25.0,0 days 00:01:34.988000,False,5725.39,5820.378,2024-07-08 00:35:25.390,2024-07-08 00:37:00.378
HAM,26.0,0 days 00:01:40.792000,False,5820.378,5921.17,2024-07-08 00:37:00.378,2024-07-08 00:38:41.170
HAM,27.0,0 days 00:01:45.183000,False,5921.17,6026.353,2024-07-08 00:38:41.170,2024-07-08 00:40:26.353
HAM,28.0,0 days 00:02:00.866000,False,6026.353,6147.219,2024-07-08 00:40:26.353,2024-07-08 00:42:27.219
HAM,29.0,0 days 00:01:40.420000,False,6147.219,6247.639,2024-07-08 00:42:27.219,2024-07-08 00:44:07.639
HAM,30.0,0 days 00:01:40.467000,False,6247.639,6348.106,2024-07-08 00:44:07.639,2024-07-08 00:45:48.106
HAM,31.0,0 days 00:01:41.538000,False,6348.106,6449.644,2024-07-08 00:45:48.106,2024-07-08 00:47:29.644
HAM,32.0,0 days 00:01:42.475000,False,6449.644,6552.119,2024-07-08 00:47:29.644,2024-07-08 00:49:12.119
HAM,33.0,0 days 00:01:42.435000,False,6552.119,6654.554,2024-07-08 00:49:12.119,2024-07-08 00:50:54.554
HAM,34.0,0 days 00:01:42.757000,False,6654.554,6757.311,2024-07-08 00:50:54.554,2024-07-08 00:52:37.311
HAM,35.0,0 days 00:01:42.271000,False,6757.311,6859.582,2024-07-08 00:52:37.311,2024-07-08 00:54:19.582
HAM,36.0,0 days 00:01:41.924000,False,6859.582,6961.506,2024-07-08 00:54:19.582,2024-07-08 00:56:01.506
HAM,37.0,0 days 00:01:39.711000,False,6961.506,7061.217,2024-07-08 00:56:01.506,2024-07-08 00:57:41.217
HAM,38.0,0 days 00:01:37.220000,False,7061.217,7158.437,2024-07-08 00:57:41.217,2024-07-08 00:59:18.437
HAM,39.0,0 days 00:01:57.389000,False,7158.437,7275.826,2024-07-08 00:59:18.437,2024-07-08 01:01:15.826
HAM,40.0,0 days 00:01:30.318000,True,7275.826,7366.144,2024-07-08 01:01:15.826,2024-07-08 01:02:46.144
HAM,41.0,0 days 00:01:30.118000,True,7366.144,7456.262,2024-07-08 01:02:46.144,2024-07-08 01:04:16.262
HAM,42.0,0 days 00:01:29.617000,True,7456.262,7545.879,2024-07-08 01:04:16.262,2024-07-08 01:05:45.879
HAM,43.0,0 days 00:01:29.793000,False,7545.879,7635.672,2024-07-08 01:05:45.879,2024-07-08 01:07:15.672
HAM,44.0,0 days 00:01:29.697000,False,7635.672,7725.369,2024-07-08 01:07:15.672,2024-07-08 01:08:45.369
HAM,45.0,0 days 00:01:29.438000,True,7725.369,7814.807,2024-07-08 01:08:45.369,2024-07-08 01:10:14.807
HAM,46.0,0 days 00:01:29.641000,False,7814.807,7904.448,2024-07-08 01:10:14.807,2024-07-08 01:11:44.448
HAM,47.0,0 days 00:01:29.538000,False,7904.448,7993.986,2024-07-08 01:11:44.448,2024-07-08 01:13:13.986
HAM,48.0,0 days 00:01:29.579000,False,7993.986,8083.565,2024-07-08 01:13:13.986,2024-07-08 01:14:43.565
HAM,49.0,0 days 00:01:29.667000,False,8083.565,8173.232,2024-07-08 01:14:43.565,2024-07-08 01:16:13.232
HAM,50.0,0 days 00:01:29.682000,False,8173.232,8262.914,2024-07-08 01:16:13.232,2024-07-08 01:17:42.914
HAM,51.0,0 days 00:01:29.743000,False,8262.914,8352.657,2024-07-08 01:17:42.914,2024-07-08 01:19:12.656
HAM,52.0,0 days 00:01:30.146000,False,8352.657,8442.803,2024-07-08 01:19:12.656,2024-07-08 01:20:42.803
VER,1.0,0 days 00:01:36.711000,False,3495.512,3592.455,2024-07-07 23:58:15.512,2024-07-07 23:59:52.455
VER,2.0,0 days 00:01:31.773000,True,3592.455,3684.228,2024-07-07 23:59:52.455,2024-07-08 00:01:24.228
VER,3.0,0 days 00:01:32.200000,False,3684.228,3776.428,2024-07-08 00:01:24.228,2024-07-08 00:02:56.428
VER,4.0,0 days 00:01:31.933000,False,3776.428,3868.361,2024-07-08 00:02:56.428,2024-07-08 00:04:28.361
VER,5.0,0 days 00:01:31.778000,False,3868.361,3960.139,2024-07-08 00:04:28.361,2024-07-08 00:06:00.139
VER,6.0,0 days 00:01:31.711000,True,3960.139,4051.85,2024-07-08 00:06:00.139,2024-07-08 00:07:31.850
VER,7.0,0 days 00:01:31.935000,False,4051.85,4143.785,2024-07-08 00:07:31.850,2024-07-08 00:09:03.785
VER,8.0,0 days 00:01:32.038000,False,4143.785,4235.823,2024-07-08 00:09:03.785,2024-07-08 00:10:35.823
VER,9.0,0 days 00:01:31.883000,False,4235.823,4327.706,2024-07-08 00:10:35.823,2024-07-08 00:12:07.706
VER,10.0,0 days 00:01:31.661000,True,4327.706,4419.367,2024-07-08 00:12:07.706,2024-07-08 00:13:39.367
VER,11.0,0 days 00:01:31.810000,False,4419.367,4511.177,2024-07-08 00:13:39.367,2024-07-08 00:15:11.177
VER,12.0,0 days 00:01:31.894000,False,4511.177,4603.071,2024-07-08 00:15:11.177,2024-07-08 00:16:43.071
VER,13.0,0 days 00:01:31.759000,False,4603.071,4694.83,2024-07-08 00:16:43.071,2024-07-08 00:18:14.830
VER,14.0,0 days 00:01:31.700000,False,4694.83,4786.53,2024-07-08 00:18:14.830,2024-07-08 00:19:46.530
VER,15.0,0 days 00:01:32.249000,False,4786.53,4878.779,2024-07-08 00:19:46.530,2024-07-08 00:21:18.779
VER,16.0,0 days 00:01:32.504000,False,4878.779,4971.283,2024-07-08 00:21:18.779,2024-07-08 00:22:51.283
VER,17.0,0 days 00:01:35.359000,False,4971.283,5066.642,2024-07-08 00:22:51.283,2024-07-08 00:24:26.642
VER,18.0,0 days 00:01:36.172000,False,5066.642,5162.814,2024-07-08 00:24:26.642,2024-07-08 00:26:02.814
VER,19.0,0 days 00:01:42.485000,False,5162.814,5265.299,2024-07-08 00:26:02.814,2024-07-08 00:27:45.299
VER,20.0,0 days 00:01:37.108000,False,5265.299,5362.407,2024-07-08 00:27:45.299,2024-07-08 00:29:22.407
VER,21.0,0 days 00:01:33.488000,False,5362.407,5455.895,2024-07-08 00:29:22.407,2024-07-08 00:30:55.895
VER,22.0,0 days 00:01:31.904000,False,5455.895,5547.799,2024-07-08 00:30:55.895,2024-07-08 00:32:27.799
VER,23.0,0 days 00:01:32.143000,False,5547.799,5639.942,2024-07-08 00:32:27.799,2024-07-08 00:33:59.942
VER,24.0,0 days 00:01:33.020000,False,5639.942,5732.962,2024-07-08 00:33:59.942,2024-07-08 00:35:32.962
VER,25.0,0 days 00:01:36.063000,False,5732.962,5829.025,2024-07-08 00:35:32.962,2024-07-08 00:37:09.025
VER,26.0,0 days 00:01:41.491000,False,5829.025,5930.516,2024-07-08 00:37:09.025,2024-07-08 00:38:50.516
VER,27.0,0 days 00:01:59.169000,False,5930.516,6049.685,2024-07-08 00:38:50.516,2024-07-08 00:40:49.685
VER,28.0,0 days 00:01:41.176000,False,6049.685,6150.861,2024-07-08 00:40:49.685,2024-07-08 00:42:30.861
VER,29.0,0 days 00:01:41.533000,False,6150.861,6252.394,2024-07-08 00:42:30.861,2024-07-08 00:44:12.394
VER,30.0,0 days 00:01:42.098000,False,6252.394,6354.492,2024-07-08 00:44:12.394,2024-07-08 00:45:54.492
VER,31.0,0 days 00:01:42.025000,False,6354.492,6456.517,2024-07-08 00:45:54.492,2024-07-08 00:47:36.517
VER,32.0,0 days 00:01:42.538000,False,6456.517,6559.055,2024-07-08 00:47:36.517,2024-07-08 00:49:19.055
VER,33.0,0 days 00:01:42.606000,False,6559.055,6661.661,2024-07-08 00:49:19.055,2024-07-08 00:51:01.661
VER,34.0,0 days 00:01:42.447000,False,6661.661,6764.108,2024-07-08 00:51:01.661,2024-07-08 00:52:44.108
VER,35.0,0 days 00:01:43.029000,False,6764.108,6867.137,2024-07-08 00:52:44.108,2024-07-08 00:54:27.137
VER,36.0,0 days 00:01:41.958000,False,6867.137,6969.095,2024-07-08 00:54:27.137,2024-07-08 00:56:09.095
VER,37.0,0 days 00:01:38.869000,False,6969.095,7067.964,2024-07-08 00:56:09.095,2024-07-08 00:57:47.964
VER,38.0,0 days 00:01:35.963000,False,7067.964,7163.927,2024-07-08 00:57:47.964,2024-07-08 00:59:23.927
VER,39.0,0 days 00:01:58.311000,False,7163.927,7282.238,2024-07-08 00:59:23.927,2024-07-08 01:01:22.238
VER,40.0,0 days 00:01:30.056000,True,7282.238,7372.294,2024-07-08 01:01:22.238,2024-07-08 01:02:52.294
VER,41.0,0 days 00:01:29.604000,True,7372.294,7461.898,2024-07-08 01:02:52.294,2024-07-08 01:04:21.898
VER,42.0,0 days 00:01:29.472000,True,7461.898,7551.37,2024-07-08 01:04:21.898,2024-07-08 01:05:51.370
VER,43.0,0 days 00:01:29.105000,True,7551.37,7640.475,2024-07-08 01:05:51.370,2024-07-08 01:07:20.475
VER,44.0,0 days 00:01:29.372000,False,7640.475,7729.847,2024-07-08 01:07:20.475,2024-07-08 01:08:49.847
VER,45.0,0 days 00:01:29.137000,False,7729.847,7818.984,2024-07-08 01:08:49.847,2024-07-08 01:10:18.984
VER,46.0,0 days 00:01:29.543000,False,7818.984,7908.527,2024-07-08 01:10:18.984,2024-07-08 01:11:48.527
VER,47.0,0 days 00:01:29.411000,False,7908.527,7997.938,2024-07-08 01:11:48.527,2024-07-08 01:13:17.938
VER,48.0,0 days 00:01:28.952000,True,7997.938,8086.89,2024-07-08 01:13:17.938,2024-07-08 01:14:46.890
VER,49.0,0 days 00:01:29.560000,False,8086.89,8176.45,2024-07-08 01:14:46.890,2024-07-08 01:16:16.450
VER,50.0,0 days 00:01:29.286000,False,8176.45,8265.736,2024-07-08 01:16:16.450,2024-07-08 01:17:45.736
VER,51.0,0 days 00:01:29.443000,False,8265.736,8355.179,2024-07-08 01:17:45.736,2024-07-08 01:19:15.179
VER,52.0,0 days 00:01:29.089000,False,8355.179,8444.268,2024-07-08 01:19:15.179,2024-07-08 01:20:44.268
NOR,1.0,0 days 00:01:37.347000,False,3495.512,3593.091,2024-07-07 23:58:15.512,2024-07-07 23:59:53.091
NOR,2.0,0 days 00:01:32.188000,True,3593.091,3685.279,2024-07-07 23:59:53.091,2024-07-08 00:01:25.279
NOR,3.0,0 days 00:01:31.991000,True,3685.279,3777.27,2024-07-08 00:01:25.279,2024-07-08 00:02:57.270
NOR,4.0,0 days 00:01:31.976000,True,3777.27,3869.246,2024-07-08 00:02:57.270,2024-07-08 00:04:29.246
NOR,5.0,0 days 00:01:31.716000,True,3869.246,3960.962,2024-07-08 00:04:29.246,2024-07-08 00:06:00.962
NOR,6.0,0 days 00:01:31.896000,False,3960.962,4052.858,2024-07-08 00:06:00.962,2024-07-08 00:07:32.858
NOR,7.0,0 days 00:01:32.071000,False,4052.858,4144.929,2024-07-08 00:07:32.858,2024-07-08 00:09:04.929
NOR,8.0,0 days 00:01:32.018000,False,4144.929,4236.947,2024-07-08 00:09:04.929,2024-07-08 00:10:36.947
NOR,9.0,0 days 00:01:31.976000,False,4236.947,4328.923,2024-07-08 00:10:36.947,2024-07-08 00:12:08.923
NOR,10.0,0 days 00:01:31.830000,False,4328.923,4420.753,2024-07-08 00:12:08.923,2024-07-08 00:13:40.753
NOR,11.0,0 days 00:01:31.748000,False,4420.753,4512.501,2024-07-08 00:13:40.753,2024-07-08 00:15:12.501
NOR,12.0,0 days 00:01:31.718000,False,4512.501,4604.219,2024-07-08 00:15:12.501,2024-07-08 00:16:44.219
NOR,13.0,0 days 00:01:31.472000,True,4604.219,4695.691,2024-07-08 00:16:44.219,2024-07-08 00:18:15.691
NOR,14.0,0 days 00:01:31.407000,True,4695.691,4787.098,2024-07-08 00:18:15.691,2024-07-08 00:19:47.098
NOR,15.0,0 days 00:01:30.946000,True,4787.098,4878.044,2024-07-08 00:19:47.098,2024-07-08 00:21:18.044
NOR,16.0,0 days 00:01:31.690000,False,4878.044,4969.734,2024-07-08 00:21:18.044,2024-07-08 00:22:49.734
NOR,17.0,0 days 00:01:34.304000,False,4969.734,5064.038,2024-07-08 00:22:49.734,2024-07-08 00:24:24.038
NOR,18.0,0 days 00:01:34.125000,False,5064.038,5158.163,2024-07-08 00:24:24.038,2024-07-08 00:25:58.163
NOR,19.0,0 days 00:01:41.436000,False,5158.163,5259.599,2024-07-08 00:25:58.163,2024-07-08 00:27:39.599
NOR,20.0,0 days 00:01:37.704000,False,5259.599,5357.303,2024-07-08 00:27:39.599,2024-07-08 00:29:17.303
NOR,21.0,0 days 00:01:31.513000,False,5357.303,5448.816,2024-07-08 00:29:17.303,2024-07-08 00:30:48.816
NOR,22.0,0 days 00:01:30.860000,True,5448.816,5539.676,2024-07-08 00:30:48.816,2024-07-08 00:32:19.676
NOR,23.0,0 days 00:01:31.176000,False,5539.676,5630.852,2024-07-08 00:32:19.676,2024-07-08 00:33:50.852
NOR,24.0,0 days 00:01:31.629000,False,5630.852,5722.481,2024-07-08 00:33:50.852,2024-07-08 00:35:22.481
NOR,25.0,0 days 00:01:34.307000,False,5722.481,5816.788,2024-07-08 00:35:22.481,2024-07-08 00:36:56.788
NOR,26.0,0 days 00:01:41.515000,False,5816.788,5918.303,2024-07-08 00:36:56.788,2024-07-08 00:38:38.303
NOR,27.0,0 days 00:01:44.806000,False,5918.303,6023.109,2024-07-08 00:38:38.303,2024-07-08 00:40:23.109
NOR,28.0,0 days 00:02:00.915000,False,6023.109,6144.024,2024-07-08 00:40:23.109,2024-07-08 00:42:24.024
NOR,29.0,0 days 00:01:40.266000,False,6144.024,6244.29,2024-07-08 00:42:24.024,2024-07-08 00:44:04.290
NOR,30.0,0 days 00:01:40.717000,False,6244.29,6345.007,2024-07-08 00:44:04.290,2024-07-08 00:45:45.007
NOR,31.0,0 days 00:01:41.313000,False,6345.007,6446.32,2024-07-08 00:45:45.007,2024-07-08 00:47:26.320
NOR,32.0,0 days 00:01:42.216000,False,6446.32,6548.536,2024-07-08 00:47:26.320,2024-07-08 00:49:08.536
NOR,33.0,0 days 00:01:42.607000,False,6548.536,6651.143,2024-07-08 00:49:08.536,2024-07-08 00:50:51.143
NOR,34.0,0 days 00:01:43.078000,False,6651.143,6754.221,2024-07-08 00:50:51.143,2024-07-08 00:52:34.221
NOR,35.0,0 days 00:01:42.935000,False,6754.221,6857.156,2024-07-08 00:52:34.221,2024-07-08 00:54:17.156
NOR,36.0,0 days 00:01:42.340000,False,6857.156,6959.496,2024-07-08 00:54:17.156,2024-07-08 00:55:59.496
NOR,37.0,0 days 00:01:39.786000,False,6959.496,7059.282,2024-07-08 00:55:59.496,2024-07-08 00:57:39.282
NOR,38.0,0 days 00:01:37.999000,False,7059.282,7157.281,2024-07-08 00:57:39.282,2024-07-08 00:59:17.281
NOR,39.0,0 days 00:01:36.746000,False,7157.281,7254.027,2024-07-08 00:59:17.281,2024-07-08 01:00:54.027
NOR,40.0,0 days 00:01:54.840000,False,7254.027,7368.867,2024-07-08 01:00:54.027,2024-07-08 01:02:48.867
NOR,41.0,0 days 00:01:29.733000,True,7368.867,7458.6,2024-07-08 01:02:48.867,2024-07-08 01:04:18.600
NOR,42.0,0 days 00:01:30.006000,False,7458.6,7548.606,2024-07-08 01:04:18.600,2024-07-08 01:05:48.606
NOR,43.0,0 days 00:01:29.262000,True,7548.606,7637.868,2024-07-08 01:05:48.606,2024-07-08 01:07:17.868
NOR,44.0,0 days 00:01:29.752000,False,7637.868,7727.62,2024-07-08 01:07:17.868,2024-07-08 01:08:47.620
NOR,45.0,0 days 00:01:29.635000,False,7727.62,7817.255,2024-07-08 01:08:47.620,2024-07-08 01:10:17.255
NOR,46.0,0 days 00:01:29.960000,False,7817.255,7907.215,2024-07-08 01:10:17.255,2024-07-08 01:11:47.215
NOR,47.0,0 days 00:01:29.838000,False,7907.215,7997.053,2024-07-08 01:11:47.215,2024-07-08 01:13:17.053
NOR,48.0,0 days 00:01:30.556000,False,7997.053,8087.609,2024-07-08 01:13:17.053,2024-07-08 01:14:47.609
NOR,49.0,0 days 00:01:30.515000,False,8087.609,8178.124,2024-07-08 01:14:47.609,2024-07-08 01:16:18.124
NOR,50.0,0 days 00:01:30.544000,False,8178.124,8268.668,2024-07-08 01:16:18.124,2024-07-08 01:17:48.668
NOR,51.0,0 days 00:01:30.769000,False,8268.668,8359.437,2024-07-08 01:17:48.668,2024-07-08 01:19:19.437
NOR,52.0,0 days 00:01:30.913000,False,8359.437,8450.35,2024-07-08 01:19:19.437,2024-07-08 01:20:50.350
PIA,1.0,0 days 00:01:38.008000,False,3495.512,3593.752,2024-07-07 23:58:15.512,2024-07-07 23:59:53.752
PIA,2.0,0 days 00:01:32.361000,True,3593.752,3686.113,2024-07-07 23:59:53.752,2024-07-08 00:01:26.113
PIA,3.0,0 days 00:01:31.927000,True,3686.113,3778.04,2024-07-08 00:01:26.113,2024-07-08 00:02:58.040
PIA,4.0,0 days 00:01:31.919000,True,3778.04,3869.959,2024-07-08 00:02:58.040,2024-07-08 00:04:29.959
PIA,5.0,0 days 00:01:31.832000,True,3869.959,3961.791,2024-07-08 00:04:29.959,2024-07-08 00:06:01.791
PIA,6.0,0 days 00:01:32.062000,False,3961.791,4053.853,2024-07-08 00:06:01.791,2024-07-08 00:07:33.853
PIA,7.0,0 days 00:01:31.925000,False,4053.853,4145.778,2024-07-08 00:07:33.853,2024-07-08 00:09:05.778
PIA,8.0,0 days 00:01:31.994000,False,4145.778,4237.772,2024-07-08 00:09:05.778,2024-07-08 00:10:37.772
PIA,9.0,0 days 00:01:32,False,4237.772,4329.772,2024-07-08 00:10:37.772,2024-07-08 00:12:09.772
PIA,10.0,0 days 00:01:31.811000,True,4329.772,4421.583,2024-07-08 00:12:09.772,2024-07-08 00:13:41.583
PIA,11.0,0 days 00:01:31.855000,False,4421.583,4513.438,2024-07-08 00:13:41.583,2024-07-08 00:15:13.438
PIA,12.0,0 days 00:01:31.663000,True,4513.438,4605.101,2024-07-08 00:15:13.438,2024-07-08 00:16:45.101
PIA,13.0,0 days 00:01:31.896000,False,4605.101,4696.997,2024-07-08 00:16:45.101,2024-07-08 00:18:16.997
PIA,14.0,0 days 00:01:31.697000,False,4696.997,4788.694,2024-07-08 00:18:16.997,2024-07-08 00:19:48.694
PIA,15.0,0 days 00:01:31.514000,True,4788.694,4880.208,2024-07-08 00:19:48.694,2024-07-08 00:21:20.208
PIA,16.0,0 days 00:01:32.118000,False,4880.208,4972.326,2024-07-08 00:21:20.208,2024-07-08 00:22:52.326
PIA,17.0,0 days 00:01:33.988000,False,4972.326,5066.314,2024-07-08 00:22:52.326,2024-07-08 00:24:26.314
PIA,18.0,0 days 00:01:34.269000,False,5066.314,5160.583,2024-07-08 00:24:26.314,2024-07-08 00:26:00.583
PIA,19.0,0 days 00:01:40.728000,False,5160.583,5261.311,2024-07-08 00:26:00.583,2024-07-08 00:27:41.311
PIA,20.0,0 days 00:01:37.348000,False,5261.311,5358.659,2024-07-08 00:27:41.311,2024-07-08 00:29:18.659
PIA,21.0,0 days 00:01:31.819000,False,5358.659,5450.478,2024-07-08 00:29:18.659,2024-07-08 00:30:50.478
PIA,22.0,0 days 00:01:31.169000,True,5450.478,5541.647,2024-07-08 00:30:50.478,2024-07-08 00:32:21.647
PIA,23.0,0 days 00:01:30.976000,True,5541.647,5632.623,2024-07-08 00:32:21.647,2024-07-08 00:33:52.623
PIA,24.0,0 days 00:01:31.392000,False,5632.623,5724.015,2024-07-08 00:33:52.623,2024-07-08 00:35:24.015
PIA,25.0,0 days 00:01:34.271000,False,5724.015,5818.286,2024-07-08 00:35:24.015,2024-07-08 00:36:58.286
PIA,26.0,0 days 00:01:40.622000,False,5818.286,5918.908,2024-07-08 00:36:58.286,2024-07-08 00:38:38.908
PIA,27.0,0 days 00:01:49.747000,False,5918.908,6028.655,2024-07-08 00:38:38.908,2024-07-08 00:40:28.655
PIA,28.0,0 days 00:01:52.976000,False,6028.655,6141.631,2024-07-08 00:40:28.655,2024-07-08 00:42:21.631
PIA,29.0,0 days 00:02:01.184000,False,6141.631,6262.815,2024-07-08 00:42:21.631,2024-07-08 00:44:22.815
PIA,30.0,0 days 00:01:40.492000,False,6262.815,6363.307,2024-07-08 00:44:22.815,2024-07-08 00:46:03.307
PIA,31.0,0 days 00:01:42.161000,False,6363.307,6465.468,2024-07-08 00:46:03.307,2024-07-08 00:47:45.468
PIA,32.0,0 days 00:01:43.137000,False,6465.468,6568.605,2024-07-08 00:47:45.468,2024-07-08 00:49:28.605
PIA,33.0,0 days 00:01:43.325000,False,6568.605,6671.93,2024-07-08 00:49:28.605,2024-07-08 00:51:11.930
PIA,34.0,0 days 00:01:43.954000,False,6671.93,6775.884,2024-07-08 00:51:11.930,2024-07-08 00:52:55.884
PIA,35.0,0 days 00:01:43.309000,False,6775.884,6879.193,2024-07-08 00:52:55.884,2024-07-08 00:54:39.193
PIA,36.0,0 days 00:01:42.520000,False,6879.193,6981.713,2024-07-08 00:54:39.193,2024-07-08 00:56:21.713
PIA,37.0,0 days 00:01:39.635000,False,6981.713,7081.348,2024-07-08 00:56:21.713,2024-07-08 00:58:01.348
PIA,38.0,0 days 00:01:37.106000,False,7081.348,7178.454,2024-07-08 00:58:01.348,2024-07-08 00:59:38.454
PIA,39.0,0 days 00:01:54.658000,False,7178.454,7293.112,2024-07-08 00:59:38.454,2024-07-08 01:01:33.112
PIA,40.0,0 days 00:01:29.913000,True,7293.112,7383.025,2024-07-08 01:01:33.112,2024-07-08 01:03:03.025
PIA,41.0,0 days 00:01:29.574000,True,7383.025,7472.599,2024-07-08 01:03:03.025,2024-07-08 01:04:32.599
PIA,42.0,0 days 00:01:29.581000,False,7472.599,7562.18,2024-07-08 01:04:32.599,2024-07-08 01:06:02.180
PIA,43.0,0 days 00:01:29.286000,True,7562.18,7651.466,2024-07-08 01:06:02.180,2024-07-08 01:07:31.466
PIA,44.0,0 days 00:01:29.221000,True,7651.466,7740.687,2024-07-08 01:07:31.466,2024-07-08 01:09:00.687
PIA,45.0,0 days 00:01:29.222000,False,7740.687,7829.909,2024-07-08 01:09:00.687,2024-07-08 01:10:29.909
PIA,46.0,0 days 00:01:29.233000,False,7829.909,7919.142,2024-07-08 01:10:29.909,2024-07-08 01:11:59.142
PIA,47.0,0 days 00:01:29.049000,True,7919.142,8008.191,2024-07-08 01:11:59.142,2024-07-08 01:13:28.191
PIA,48.0,0 days 00:01:29.124000,False,8008.191,8097.315,2024-07-08 01:13:28.191,2024-07-08 01:14:57.315
PIA,49.0,0 days 00:01:29.283000,False,8097.315,8186.598,2024-07-08 01:14:57.315,2024-07-08 01:16:26.598
PIA,50.0,0 days 00:01:29.958000,False,8186.598,8276.556,2024-07-08 01:16:26.598,2024-07-08 01:17:56.556
PIA,51.0,0 days 00:01:28.748000,True,8276.556,8365.304,2024-07-08 01:17:56.556,2024-07-08 01:19:25.304
PIA,52.0,0 days 00:01:29.928000,False,8365.304,8455.232,2024-07-08 01:19:25.304,2024-07-08 01:20:55.232
SAI,1.0,0 days 00:01:38.699000,False,3495.512,3594.443,2024-07-07 23:58:15.512,2024-07-07 23:59:54.443
SAI,2.0,0 days 00:01:32.359000,True,3594.443,3686.802,2024-07-07 23:59:54.443,2024-07-08 00:01:26.802
SAI,3.0,0 days 00:01:32.102000,True,3686.802,3778.904,2024-07-08 00:01:26.802,2024-07-08 00:02:58.904
SAI,4.0,0 days 00:01:32.045000,True,3778.904,3870.949,2024-07-08 00:02:58.904,2024-07-08 00:04:30.949
SAI,5.0,0 days 00:01:31.939000,True,3870.949,3962.888,2024-07-08 00:04:30.949,2024-07-08 00:06:02.888
SAI,6.0,0 days 00:01:31.900000,True,3962.888,4054.788,2024-07-08 00:06:02.888,2024-07-08 00:07:34.788
SAI,7.0,0 days 00:01:32.702000,False,4054.788,4147.49,2024-07-08 00:07:34.788,2024-07-08 00:09:07.490
SAI,8.0,0 days 00:01:32.372000,False,4147.49,4239.862,2024-07-08 00:09:07.490,2024-07-08 00:10:39.862
SAI,9.0,0 days 00:01:32.484000,False,4239.862,4332.346,2024-07-08 00:10:39.862,2024-07-08 00:12:12.345
SAI,10.0,0 days 00:01:32.362000,False,4332.346,4424.708,2024-07-08 00:12:12.345,2024-07-08 00:13:44.708
SAI,11.0,0 days 00:01:32.123000,False,4424.708,4516.831,2024-07-08 00:13:44.708,2024-07-08 00:15:16.831
SAI,12.0,0 days 00:01:32.358000,False,4516.831,4609.189,2024-07-08 00:15:16.831,2024-07-08 00:16:49.189
SAI,13.0,0 days 00:01:32.251000,False,4609.189,4701.44,2024-07-08 00:16:49.189,2024-07-08 00:18:21.440
SAI,14.0,0 days 00:01:32.106000,False,4701.44,4793.546,2024-07-08 00:18:21.440,2024-07-08 00:19:53.546
SAI,15.0,0 days 00:01:31.916000,False,4793.546,4885.462,2024-07-08 00:19:53.546,2024-07-08 00:21:25.462
SAI,16.0,0 days 00:01:32.455000,False,4885.462,4977.917,2024-07-08 00:21:25.462,2024-07-08 00:22:57.917
SAI,17.0,0 days 00:01:34.228000,False,4977.917,5072.145,2024-07-08 00:22:57.917,2024-07-08 00:24:32.145
SAI,18.0,0 days 00:01:34.310000,False,5072.145,5166.455,2024-07-08 00:24:32.145,2024-07-08 00:26:06.455
SAI,19.0,0 days 00:01:40.510000,False,5166.455,5266.965,2024-07-08 00:26:06.455,2024-07-08 00:27:46.965
SAI,20.0,0 days 00:01:36.538000,False,5266.965,5363.503,2024-07-08 00:27:46.965,2024-07-08 00:29:23.503
SAI,21.0,0 days 00:01:33.507000,False,5363.503,5457.01,2024-07-08 00:29:23.503,2024-07-08 00:30:57.010
SAI,22.0,0 days 00:01:32.157000,False,5457.01,5549.167,2024-07-08 00:30:57.010,2024-07-08 00:32:29.167
SAI,23.0,0 days 00:01:32.297000,False,5549.167,5641.464,2024-07-08 00:32:29.167,2024-07-08 00:34:01.464
SAI,24.0,0 days 00:01:32.734000,False,5641.464,5734.198,2024-07-08 00:34:01.464,2024-07-08 00:35:34.198
SAI,25.0,0 days 00:01:35.143000,False,5734.198,5829.341,2024-07-08 00:35:34.198,2024-07-08 00:37:09.341
SAI,26.0,0 days 00:01:42.481000,False,5829.341,5931.822,2024-07-08 00:37:09.341,2024-07-08 00:38:51.822
SAI,27.0,0 days 00:02:01.664000,False,5931.822,6053.486,2024-07-08 00:38:51.822,2024-07-08 00:40:53.486
SAI,28.0,0 days 00:01:42.641000,False,6053.486,6156.127,2024-07-08 00:40:53.486,2024-07-08 00:42:36.127
SAI,29.0,0 days 00:01:42.447000,False,6156.127,6258.574,2024-07-08 00:42:36.127,2024-07-08 00:44:18.574
SAI,30.0,0 days 00:01:42.737000,False,6258.574,6361.311,2024-07-08 00:44:18.574,2024-07-08 00:46:01.311
SAI,31.0,0 days 00:01:43.007000,False,6361.311,6464.318,2024-07-08 00:46:01.311,2024-07-08 00:47:44.318
SAI,32.0,0 days 00:01:43.298000,False,6464.318,6567.616,2024-07-08 00:47:44.318,2024-07-08 00:49:27.616
SAI,33.0,0 days 00:01:43.201000,False,6567.616,6670.817,2024-07-08 00:49:27.616,2024-07-08 00:51:10.817
SAI,34.0,0 days 00:01:42.794000,False,6670.817,6773.611,2024-07-08 00:51:10.817,2024-07-08 00:52:53.611
SAI,35.0,0 days 00:01:43.590000,False,6773.611,6877.201,2024-07-08 00:52:53.611,2024-07-08 00:54:37.201
SAI,36.0,0 days 00:01:42.748000,False,6877.201,6979.949,2024-07-08 00:54:37.201,2024-07-08 00:56:19.949
SAI,37.0,0 days 00:01:40.432000,False,6979.949,7080.381,2024-07-08 00:56:19.949,2024-07-08 00:58:00.381
SAI,38.0,0 days 00:01:38.370000,False,7080.381,7178.751,2024-07-08 00:58:00.381,2024-07-08 00:59:38.751
SAI,39.0,0 days 00:01:36.802000,False,7178.751,7275.553,2024-07-08 00:59:38.751,2024-07-08 01:01:15.553
SAI,40.0,0 days 00:01:56.753000,False,7275.553,7392.306,2024-07-08 01:01:15.553,2024-07-08 01:03:12.306
SAI,41.0,0 days 00:01:30.475000,True,7392.306,7482.781,2024-07-08 01:03:12.306,2024-07-08 01:04:42.781
SAI,42.0,0 days 00:01:29.872000,True,7482.781,7572.653,2024-07-08 01:04:42.781,2024-07-08 01:06:12.653
SAI,43.0,0 days 00:01:29.872000,False,7572.653,7662.525,2024-07-08 01:06:12.653,2024-07-08 01:07:42.525
SAI,44.0,0 days 00:01:29.739000,True,7662.525,7752.264,2024-07-08 01:07:42.525,2024-07-08 01:09:12.264
SAI,45.0,0 days 00:01:29.589000,True,7752.264,7841.853,2024-07-08 01:09:12.264,2024-07-08 01:10:41.853
SAI,46.0,0 days 00:01:29.588000,True,7841.853,7931.441,2024-07-08 01:10:41.853,2024-07-08 01:12:11.441
SAI,47.0,0 days 00:01:29.553000,True,7931.441,8020.994,2024-07-08 01:12:11.441,2024-07-08 01:13:40.994
SAI,48.0,0 days 00:01:29.415000,True,8020.994,8110.409,2024-07-08 01:13:40.994,2024-07-08 01:15:10.409
SAI,49.0,0 days 00:01:29.439000,False,8110.409,8199.848,2024-07-08 01:15:10.409,2024-07-08 01:16:39.848
SAI,50.0,0 days 00:01:29.434000,False,8199.848,8289.282,2024-07-08 01:16:39.848,2024-07-08 01:18:09.281
SAI,51.0,0 days 00:01:52.546000,False,8289.282,8401.828,2024-07-08 01:18:09.281,2024-07-08 01:20:01.828
SAI,52.0,0 days 00:01:28.293000,True,8401.828,8490.121,2024-07-08 01:20:01.828,2024-07-08 01:21:30.120
HUL,1.0,0 days 00:01:40.166000,False,3495.512,3595.91,2024-07-07 23:58:15.512,2024-07-07 23:59:55.910
HUL,2.0,0 days 00:01:32.844000,True,3595.91,3688.754,2024-07-07 23:59:55.910,2024-07-08 00:01:28.754
HUL,3.0,0 days 00:01:32.605000,True,3688.754,3781.359,2024-07-08 00:01:28.754,2024-07-08 00:03:01.359
HUL,4.0,0 days 00:01:32.563000,True,3781.359,3873.922,2024-07-08 00:03:01.359,2024-07-08 00:04:33.922
HUL,5.0,0 days 00:01:32.768000,False,3873.922,3966.69,2024-07-08 00:04:33.922,2024-07-08 00:06:06.690
HUL,6.0,0 days 00:01:32.697000,False,3966.69,4059.387,2024-07-08 00:06:06.690,2024-07-08 00:07:39.387
HUL,7.0,0 days 00:01:32.733000,False,4059.387,4152.12,2024-07-08 00:07:39.387,2024-07-08 00:09:12.120
HUL,8.0,0 days 00:01:32.802000,False,4152.12,4244.922,2024-07-08 00:09:12.120,2024-07-08 00:10:44.921
HUL,9.0,0 days 00:01:32.396000,True,4244.922,4337.318,2024-07-08 00:10:44.921,2024-07-08 00:12:17.318
HUL,10.0,0 days 00:01:32.439000,False,4337.318,4429.757,2024-07-08 00:12:17.318,2024-07-08 00:13:49.757
HUL,11.0,0 days 00:01:32.428000,False,4429.757,4522.185,2024-07-08 00:13:49.757,2024-07-08 00:15:22.185
HUL,12.0,0 days 00:01:32.401000,False,4522.185,4614.586,2024-07-08 00:15:22.185,2024-07-08 00:16:54.586
HUL,13.0,0 days 00:01:32.468000,False,4614.586,4707.054,2024-07-08 00:16:54.586,2024-07-08 00:18:27.054
HUL,14.0,0 days 00:01:32.621000,False,4707.054,4799.675,2024-07-08 00:18:27.054,2024-07-08 00:19:59.675
HUL,15.0,0 days 00:01:32.672000,False,4799.675,4892.347,2024-07-08 00:19:59.675,2024-07-08 00:21:32.347
HUL,16.0,0 days 00:01:33.194000,False,4892.347,4985.541,2024-07-08 00:21:32.347,2024-07-08 00:23:05.541
HUL,17.0,0 days 00:01:35.447000,False,4985.541,5080.988,2024-07-08 00:23:05.541,2024-07-08 00:24:40.988
HUL,18.0,0 days 00:01:35.834000,False,5080.988,5176.822,2024-07-08 00:24:40.988,2024-07-08 00:26:16.822
HUL,19.0,0 days 00:01:45.752000,False,5176.822,5282.574,2024-07-08 00:26:16.822,2024-07-08 00:28:02.574
HUL,20.0,0 days 00:01:37.529000,False,5282.574,5380.103,2024-07-08 00:28:02.574,2024-07-08 00:29:40.103
HUL,21.0,0 days 00:01:32.649000,False,5380.103,5472.752,2024-07-08 00:29:40.103,2024-07-08 00:31:12.752
HUL,22.0,0 days 00:01:32.233000,True,5472.752,5564.985,2024-07-08 00:31:12.752,2024-07-08 00:32:44.985
HUL,23.0,0 days 00:01:32.612000,False,5564.985,5657.597,2024-07-08 00:32:44.985,2024-07-08 00:34:17.597
HUL,24.0,0 days 00:01:33.352000,False,5657.597,5750.949,2024-07-08 00:34:17.597,2024-07-08 00:35:50.949
HUL,25.0,0 days 00:01:35.918000,False,5750.949,5846.867,2024-07-08 00:35:50.949,2024-07-08 00:37:26.867
HUL,26.0,0 days 00:01:41.853000,False,5846.867,5948.72,2024-07-08 00:37:26.867,2024-07-08 00:39:08.720
HUL,27.0,0 days 00:02:02.727000,False,5948.72,6071.447,2024-07-08 00:39:08.720,2024-07-08 00:41:11.447
HUL,28.0,0 days 00:01:41.897000,False,6071.447,6173.344,2024-07-08 00:41:11.447,2024-07-08 00:42:53.344
HUL,29.0,0 days 00:01:42.641000,False,6173.344,6275.985,2024-07-08 00:42:53.344,2024-07-08 00:44:35.985
HUL,30.0,0 days 00:01:42.811000,False,6275.985,6378.796,2024-07-08 00:44:35.985,2024-07-08 00:46:18.796
HUL,31.0,0 days 00:01:43.274000,False,6378.796,6482.07,2024-07-08 00:46:18.796,2024-07-08 00:48:02.070
HUL,32.0,0 days 00:01:44.134000,False,6482.07,6586.204,2024-07-08 00:48:02.070,2024-07-08 00:49:46.204
HUL,33.0,0 days 00:01:43.685000,False,6586.204,6689.889,2024-07-08 00:49:46.204,2024-07-08 00:51:29.889
HUL,34.0,0 days 00:01:44.263000,False,6689.889,6794.152,2024-07-08 00:51:29.889,2024-07-08 00:53:14.152
HUL,35.0,0 days 00:01:44.042000,False,6794.152,6898.194,2024-07-08 00:53:14.152,2024-07-08 00:54:58.194
HUL,36.0,0 days 00:01:43.044000,False,6898.194,7001.238,2024-07-08 00:54:58.194,2024-07-08 00:56:41.238
HUL,37.0,0 days 00:01:40.657000,False,7001.238,7101.895,2024-07-08 00:56:41.238,2024-07-08 00:58:21.895
HUL,38.0,0 days 00:01:38.854000,False,7101.895,7200.749,2024-07-08 00:58:21.895,2024-07-08 01:00:00.749
HUL,39.0,0 days 00:01:37.245000,False,7200.749,7297.994,2024-07-08 01:00:00.749,2024-07-08 01:01:37.994
HUL,40.0,0 days 00:01:55.659000,False,7297.994,7413.653,2024-07-08 01:01:37.994,2024-07-08 01:03:33.653
HUL,41.0,0 days 00:01:31.097000,True,7413.653,7504.75,2024-07-08 01:03:33.653,2024-07-08 01:05:04.750
HUL,42.0,0 days 00:01:30.701000,True,7504.75,7595.451,2024-07-08 01:05:04.750,2024-07-08 01:06:35.451
HUL,43.0,0 days 00:01:29.836000,True,7595.451,7685.287,2024-07-08 01:06:35.451,2024-07-08 01:08:05.287
HUL,44.0,0 days 00:01:30.392000,False,7685.287,7775.679,2024-07-08 01:08:05.287,2024-07-08 01:09:35.679
HUL,45.0,0 days 00:01:30.048000,False,7775.679,7865.727,2024-07-08 01:09:35.679,2024-07-08 01:11:05.727
HUL,46.0,0 days 00:01:30.185000,False,7865.727,7955.912,2024-07-08 01:11:05.727,2024-07-08 01:12:35.912
HUL,47.0,0 days 00:01:29.864000,False,7955.912,8045.776,2024-07-08 01:12:35.912,2024-07-08 01:14:05.776
HUL,48.0,0 days 00:01:30.365000,False,8045.776,8136.141,2024-07-08 01:14:05.776,2024-07-08 01:15:36.141
HUL,49.0,0 days 00:01:30.371000,False,8136.141,8226.512,2024-07-08 01:15:36.141,2024-07-08 01:17:06.512
HUL,50.0,0 days 00:01:30.470000,False,8226.512,8316.982,2024-07-08 01:17:06.512,2024-07-08 01:18:36.982
HUL,51.0,0 days 00:01:30.696000,False,8316.982,8407.678,2024-07-08 01:18:36.982,2024-07-08 01:20:07.678
HUL,52.0,0 days 00:01:30.847000,False,8407.678,8498.525,2024-07-08 01:20:07.678,2024-07-08 01:21:38.525
STR,1.0,0 days 00:01:39.108000,False,3495.512,3594.852,2024-07-07 23:58:15.512,2024-07-07 23:59:54.852
STR,2.0,0 days 00:01:32.683000,True,3594.852,3687.535,2024-07-07 23:59:54.852,2024-07-08 00:01:27.535
STR,3.0,0 days 00:01:32.307000,True,3687.535,3779.842,2024-07-08 00:01:27.535,2024-07-08 00:02:59.842
STR,4.0,0 days 00:01:32.968000,False,3779.842,3872.81,2024-07-08 00:02:59.842,2024-07-08 00:04:32.810
STR,5.0,0 days 00:01:32.706000,False,3872.81,3965.516,2024-07-08 00:04:32.810,2024-07-08 00:06:05.516
STR,6.0,0 days 00:01:32.788000,False,3965.516,4058.304,2024-07-08 00:06:05.516,2024-07-08 00:07:38.304
STR,7.0,0 days 00:01:32.716000,False,4058.304,4151.02,2024-07-08 00:07:38.304,2024-07-08 00:09:11.020
STR,8.0,0 days 00:01:32.648000,False,4151.02,4243.668,2024-07-08 00:09:11.020,2024-07-08 00:10:43.667
STR,9.0,0 days 00:01:32.291000,True,4243.668,4335.959,2024-07-08 00:10:43.667,2024-07-08 00:12:15.959
STR,10.0,0 days 00:01:32.619000,False,4335.959,4428.578,2024-07-08 00:12:15.959,2024-07-08 00:13:48.578
STR,11.0,0 days 00:01:32.273000,True,4428.578,4520.851,2024-07-08 00:13:48.578,2024-07-08 00:15:20.851
STR,12.0,0 days 00:01:32.362000,False,4520.851,4613.213,2024-07-08 00:15:20.851,2024-07-08 00:16:53.213
STR,13.0,0 days 00:01:33.092000,False,4613.213,4706.305,2024-07-08 00:16:53.213,2024-07-08 00:18:26.305
STR,14.0,0 days 00:01:32.641000,False,4706.305,4798.946,2024-07-08 00:18:26.305,2024-07-08 00:19:58.946
STR,15.0,0 days 00:01:32.649000,False,4798.946,4891.595,2024-07-08 00:19:58.946,2024-07-08 00:21:31.595
STR,16.0,0 days 00:01:33.091000,False,4891.595,4984.686,2024-07-08 00:21:31.595,2024-07-08 00:23:04.686
STR,17.0,0 days 00:01:35.713000,False,4984.686,5080.399,2024-07-08 00:23:04.686,2024-07-08 00:24:40.399
STR,18.0,0 days 00:01:35.789000,False,5080.399,5176.188,2024-07-08 00:24:40.399,2024-07-08 00:26:16.188
STR,19.0,0 days 00:01:47.568000,False,5176.188,5283.756,2024-07-08 00:26:16.188,2024-07-08 00:28:03.756
STR,20.0,0 days 00:01:37.491000,False,5283.756,5381.247,2024-07-08 00:28:03.756,2024-07-08 00:29:41.247
STR,21.0,0 days 00:01:33.291000,False,5381.247,5474.538,2024-07-08 00:29:41.247,2024-07-08 00:31:14.538
STR,22.0,0 days 00:01:32.495000,False,5474.538,5567.033,2024-07-08 00:31:14.538,2024-07-08 00:32:47.033
STR,23.0,0 days 00:01:33.062000,False,5567.033,5660.095,2024-07-08 00:32:47.033,2024-07-08 00:34:20.095
STR,24.0,0 days 00:01:34.585000,False,5660.095,5754.68,2024-07-08 00:34:20.095,2024-07-08 00:35:54.680
STR,25.0,0 days 00:01:35.351000,False,5754.68,5850.031,2024-07-08 00:35:54.680,2024-07-08 00:37:30.031
STR,26.0,0 days 00:01:40.784000,False,5850.031,5950.815,2024-07-08 00:37:30.031,2024-07-08 00:39:10.815
STR,27.0,0 days 00:02:01.611000,False,5950.815,6072.426,2024-07-08 00:39:10.815,2024-07-08 00:41:12.426
STR,28.0,0 days 00:01:42.187000,False,6072.426,6174.613,2024-07-08 00:41:12.426,2024-07-08 00:42:54.613
STR,29.0,0 days 00:01:42.992000,False,6174.613,6277.605,2024-07-08 00:42:54.613,2024-07-08 00:44:37.605
STR,30.0,0 days 00:01:43.066000,False,6277.605,6380.671,2024-07-08 00:44:37.605,2024-07-08 00:46:20.671
STR,31.0,0 days 00:01:43.714000,False,6380.671,6484.385,2024-07-08 00:46:20.671,2024-07-08 00:48:04.385
STR,32.0,0 days 00:01:44.545000,False,6484.385,6588.93,2024-07-08 00:48:04.385,2024-07-08 00:49:48.930
STR,33.0,0 days 00:01:44.213000,False,6588.93,6693.143,2024-07-08 00:49:48.930,2024-07-08 00:51:33.143
STR,34.0,0 days 00:01:44.171000,False,6693.143,6797.314,2024-07-08 00:51:33.143,2024-07-08 00:53:17.314
STR,35.0,0 days 00:01:44.422000,False,6797.314,6901.736,2024-07-08 00:53:17.314,2024-07-08 00:55:01.736
STR,36.0,0 days 00:01:43,False,6901.736,7004.736,2024-07-08 00:55:01.736,2024-07-08 00:56:44.736
STR,37.0,0 days 00:01:40.825000,False,7004.736,7105.561,2024-07-08 00:56:44.736,2024-07-08 00:58:25.561
STR,38.0,0 days 00:01:39.373000,False,7105.561,7204.934,2024-07-08 00:58:25.561,2024-07-08 01:00:04.934
STR,39.0,0 days 00:01:37.759000,False,7204.934,7302.693,2024-07-08 01:00:04.934,2024-07-08 01:01:42.693
STR,40.0,0 days 00:01:56.032000,False,7302.693,7418.725,2024-07-08 01:01:42.693,2024-07-08 01:03:38.725
STR,41.0,0 days 00:01:30.098000,True,7418.725,7508.823,2024-07-08 01:03:38.725,2024-07-08 01:05:08.823
STR,42.0,0 days 00:01:30.161000,False,7508.823,7598.984,2024-07-08 01:05:08.823,2024-07-08 01:06:38.984
STR,43.0,0 days 00:01:30.196000,False,7598.984,7689.18,2024-07-08 01:06:38.984,2024-07-08 01:08:09.180
STR,44.0,0 days 00:01:30.030000,True,7689.18,7779.21,2024-07-08 01:08:09.180,2024-07-08 01:09:39.210
STR,45.0,0 days 00:01:30.025000,True,7779.21,7869.235,2024-07-08 01:09:39.210,2024-07-08 01:11:09.235
STR,46.0,0 days 00:01:29.897000,True,7869.235,7959.132,2024-07-08 01:11:09.235,2024-07-08 01:12:39.132
STR,47.0,0 days 00:01:29.925000,False,7959.132,8049.057,2024-07-08 01:12:39.132,2024-07-08 01:14:09.057
STR,48.0,0 days 00:01:30.237000,False,8049.057,8139.294,2024-07-08 01:14:09.057,2024-07-08 01:15:39.294
STR,49.0,0 days 00:01:29.969000,False,8139.294,8229.263,2024-07-08 01:15:39.294,2024-07-08 01:17:09.263
STR,50.0,0 days 00:01:30.030000,False,8229.263,8319.293,2024-07-08 01:17:09.263,2024-07-08 01:18:39.293
STR,51.0,0 days 00:01:30.026000,False,8319.293,8409.319,2024-07-08 01:18:39.293,2024-07-08 01:20:09.318
STR,52.0,0 days 00:01:30.053000,False,8409.319,8499.372,2024-07-08 01:20:09.318,2024-07-08 01:21:39.371
ALO,1.0,0 days 00:01:40.474000,False,3495.512,3596.218,2024-07-07 23:58:15.512,2024-07-07 23:59:56.218
ALO,2.0,0 days 00:01:33.202000,True,3596.218,3689.42,2024-07-07 23:59:56.218,2024-07-08 00:01:29.420
ALO,3.0,0 days 00:01:32.951000,True,3689.42,3782.371,2024-07-08 00:01:29.420,2024-07-08 00:03:02.371
ALO,4.0,0 days 00:01:33.192000,False,3782.371,3875.563,2024-07-08 00:03:02.371,2024-07-08 00:04:35.563
ALO,5.0,0 days 00:01:32.617000,True,3875.563,3968.18,2024-07-08 00:04:35.563,2024-07-08 00:06:08.180
ALO,6.0,0 days 00:01:32.673000,False,3968.18,4060.853,2024-07-08 00:06:08.180,2024-07-08 00:07:40.853
ALO,7.0,0 days 00:01:32.712000,False,4060.853,4153.565,2024-07-08 00:07:40.853,2024-07-08 00:09:13.564
ALO,8.0,0 days 00:01:32.496000,True,4153.565,4246.061,2024-07-08 00:09:13.564,2024-07-08 00:10:46.060
ALO,9.0,0 days 00:01:32.579000,False,4246.061,4338.64,2024-07-08 00:10:46.060,2024-07-08 00:12:18.640
ALO,10.0,0 days 00:01:32.741000,False,4338.64,4431.381,2024-07-08 00:12:18.640,2024-07-08 00:13:51.381
ALO,11.0,0 days 00:01:32.548000,False,4431.381,4523.929,2024-07-08 00:13:51.381,2024-07-08 00:15:23.929
ALO,12.0,0 days 00:01:32.427000,True,4523.929,4616.356,2024-07-08 00:15:23.929,2024-07-08 00:16:56.356
ALO,13.0,0 days 00:01:32.517000,False,4616.356,4708.873,2024-07-08 00:16:56.356,2024-07-08 00:18:28.873
ALO,14.0,0 days 00:01:32.383000,True,4708.873,4801.256,2024-07-08 00:18:28.873,2024-07-08 00:20:01.256
ALO,15.0,0 days 00:01:32.259000,True,4801.256,4893.515,2024-07-08 00:20:01.256,2024-07-08 00:21:33.515
ALO,16.0,0 days 00:01:32.590000,False,4893.515,4986.105,2024-07-08 00:21:33.515,2024-07-08 00:23:06.105
ALO,17.0,0 days 00:01:35.014000,False,4986.105,5081.119,2024-07-08 00:23:06.105,2024-07-08 00:24:41.119
ALO,18.0,0 days 00:01:35.880000,False,5081.119,5176.999,2024-07-08 00:24:41.119,2024-07-08 00:26:16.999
ALO,19.0,0 days 00:01:47.270000,False,5176.999,5284.269,2024-07-08 00:26:16.999,2024-07-08 00:28:04.269
ALO,20.0,0 days 00:01:36.480000,False,5284.269,5380.749,2024-07-08 00:28:04.269,2024-07-08 00:29:40.749
ALO,21.0,0 days 00:01:32.999000,False,5380.749,5473.748,2024-07-08 00:29:40.749,2024-07-08 00:31:13.748
ALO,22.0,0 days 00:01:32.673000,False,5473.748,5566.421,2024-07-08 00:31:13.748,2024-07-08 00:32:46.421
ALO,23.0,0 days 00:01:32.593000,False,5566.421,5659.014,2024-07-08 00:32:46.421,2024-07-08 00:34:19.014
ALO,24.0,0 days 00:01:34.088000,False,5659.014,5753.102,2024-07-08 00:34:19.014,2024-07-08 00:35:53.102
ALO,25.0,0 days 00:01:35.687000,False,5753.102,5848.789,2024-07-08 00:35:53.102,2024-07-08 00:37:28.789
ALO,26.0,0 days 00:01:43.618000,False,5848.789,5952.407,2024-07-08 00:37:28.789,2024-07-08 00:39:12.407
ALO,27.0,0 days 00:01:48.513000,False,5952.407,6060.92,2024-07-08 00:39:12.407,2024-07-08 00:41:00.920
ALO,28.0,0 days 00:02:04.427000,False,6060.92,6185.347,2024-07-08 00:41:00.920,2024-07-08 00:43:05.347
ALO,29.0,0 days 00:01:43.072000,False,6185.347,6288.419,2024-07-08 00:43:05.347,2024-07-08 00:44:48.419
ALO,30.0,0 days 00:01:42.577000,False,6288.419,6390.996,2024-07-08 00:44:48.419,2024-07-08 00:46:30.996
ALO,31.0,0 days 00:01:42.796000,False,6390.996,6493.792,2024-07-08 00:46:30.996,2024-07-08 00:48:13.792
ALO,32.0,0 days 00:01:43.690000,False,6493.792,6597.482,2024-07-08 00:48:13.792,2024-07-08 00:49:57.482
ALO,33.0,0 days 00:01:44.262000,False,6597.482,6701.744,2024-07-08 00:49:57.482,2024-07-08 00:51:41.744
ALO,34.0,0 days 00:01:44.375000,False,6701.744,6806.119,2024-07-08 00:51:41.744,2024-07-08 00:53:26.119
ALO,35.0,0 days 00:01:44.251000,False,6806.119,6910.37,2024-07-08 00:53:26.119,2024-07-08 00:55:10.370
ALO,36.0,0 days 00:01:42.513000,False,6910.37,7012.883,2024-07-08 00:55:10.370,2024-07-08 00:56:52.883
ALO,37.0,0 days 00:01:40.747000,False,7012.883,7113.63,2024-07-08 00:56:52.883,2024-07-08 00:58:33.630
ALO,38.0,0 days 00:01:38.684000,False,7113.63,7212.314,2024-07-08 00:58:33.630,2024-07-08 01:00:12.314
ALO,39.0,0 days 00:01:59.234000,False,7212.314,7331.548,2024-07-08 01:00:12.314,2024-07-08 01:02:11.548
ALO,40.0,0 days 00:01:31.146000,True,7331.548,7422.694,2024-07-08 01:02:11.548,2024-07-08 01:03:42.694
ALO,41.0,0 days 00:01:30.594000,True,7422.694,7513.288,2024-07-08 01:03:42.694,2024-07-08 01:05:13.288
ALO,42.0,0 days 00:01:30.167000,True,7513.288,7603.455,2024-07-08 01:05:13.288,2024-07-08 01:06:43.455
ALO,43.0,0 days 00:01:30.098000,True,7603.455,7693.553,2024-07-08 01:06:43.455,2024-07-08 01:08:13.553
ALO,44.0,0 days 00:01:29.930000,True,7693.553,7783.483,2024-07-08 01:08:13.553,2024-07-08 01:09:43.483
ALO,45.0,0 days 00:01:29.871000,True,7783.483,7873.354,2024-07-08 01:09:43.483,2024-07-08 01:11:13.354
ALO,46.0,0 days 00:01:29.753000,True,7873.354,7963.107,2024-07-08 01:11:13.354,2024-07-08 01:12:43.107
ALO,47.0,0 days 00:01:29.710000,True,7963.107,8052.817,2024-07-08 01:12:43.107,2024-07-08 01:14:12.817
ALO,48.0,0 days 00:01:30.114000,False,8052.817,8142.931,2024-07-08 01:14:12.817,2024-07-08 01:15:42.931
ALO,49.0,0 days 00:01:30.700000,False,8142.931,8233.631,2024-07-08 01:15:42.931,2024-07-08 01:17:13.630
ALO,50.0,0 days 00:01:30.727000,False,8233.631,8324.358,2024-07-08 01:17:13.630,2024-07-08 01:18:44.358
ALO,51.0,0 days 00:01:30.592000,False,8324.358,8414.95,2024-07-08 01:18:44.358,2024-07-08 01:20:14.950
ALO,52.0,0 days 00:01:31.430000,False,8414.95,8506.38,2024-07-08 01:20:14.950,2024-07-08 01:21:46.379
ALB,1.0,0 days 00:01:41.588000,False,3495.512,3597.332,2024-07-07 23:58:15.512,2024-07-07 23:59:57.332
ALB,2.0,0 days 00:01:33.158000,True,3597.332,3690.49,2024-07-07 23:59:57.332,2024-07-08 00:01:30.490
ALB,3.0,0 days 00:01:33.373000,False,3690.49,3783.863,2024-07-08 00:01:30.490,2024-07-08 00:03:03.863
ALB,4.0,0 days 00:01:33.059000,True,3783.863,3876.922,2024-07-08 00:03:03.863,2024-07-08 00:04:36.922
ALB,5.0,0 days 00:01:32.846000,True,3876.922,3969.768,2024-07-08 00:04:36.922,2024-07-08 00:06:09.768
ALB,6.0,0 days 00:01:33.014000,False,3969.768,4062.782,2024-07-08 00:06:09.768,2024-07-08 00:07:42.782
ALB,7.0,0 days 00:01:32.939000,False,4062.782,4155.721,2024-07-08 00:07:42.782,2024-07-08 00:09:15.720
ALB,8.0,0 days 00:01:32.798000,True,4155.721,4248.519,2024-07-08 00:09:15.720,2024-07-08 00:10:48.519
ALB,9.0,0 days 00:01:32.933000,False,4248.519,4341.452,2024-07-08 00:10:48.519,2024-07-08 00:12:21.452
ALB,10.0,0 days 00:01:33.073000,False,4341.452,4434.525,2024-07-08 00:12:21.452,2024-07-08 00:13:54.525
ALB,11.0,0 days 00:01:32.981000,False,4434.525,4527.506,2024-07-08 00:13:54.525,2024-07-08 00:15:27.506
ALB,12.0,0 days 00:01:32.567000,True,4527.506,4620.073,2024-07-08 00:15:27.506,2024-07-08 00:17:00.073
ALB,13.0,0 days 00:01:32.769000,False,4620.073,4712.842,2024-07-08 00:17:00.073,2024-07-08 00:18:32.842
ALB,14.0,0 days 00:01:32.538000,True,4712.842,4805.38,2024-07-08 00:18:32.842,2024-07-08 00:20:05.380
ALB,15.0,0 days 00:01:32.265000,True,4805.38,4897.645,2024-07-08 00:20:05.380,2024-07-08 00:21:37.645
ALB,16.0,0 days 00:01:33.178000,False,4897.645,4990.823,2024-07-08 00:21:37.645,2024-07-08 00:23:10.823
ALB,17.0,0 days 00:01:34.873000,False,4990.823,5085.696,2024-07-08 00:23:10.823,2024-07-08 00:24:45.696
ALB,18.0,0 days 00:01:35.323000,False,5085.696,5181.019,2024-07-08 00:24:45.696,2024-07-08 00:26:21.019
ALB,19.0,0 days 00:01:44.619000,False,5181.019,5285.638,2024-07-08 00:26:21.019,2024-07-08 00:28:05.638
ALB,20.0,0 days 00:01:36.530000,False,5285.638,5382.168,2024-07-08 00:28:05.638,2024-07-08 00:29:42.168
ALB,21.0,0 days 00:01:33.646000,False,5382.168,5475.814,2024-07-08 00:29:42.168,2024-07-08 00:31:15.814
ALB,22.0,0 days 00:01:33.086000,False,5475.814,5568.9,2024-07-08 00:31:15.814,2024-07-08 00:32:48.900
ALB,23.0,0 days 00:01:32.891000,False,5568.9,5661.791,2024-07-08 00:32:48.900,2024-07-08 00:34:21.791
ALB,24.0,0 days 00:01:33.960000,False,5661.791,5755.751,2024-07-08 00:34:21.791,2024-07-08 00:35:55.751
ALB,25.0,0 days 00:01:35.612000,False,5755.751,5851.363,2024-07-08 00:35:55.751,2024-07-08 00:37:31.363
ALB,26.0,0 days 00:01:43.771000,False,5851.363,5955.134,2024-07-08 00:37:31.363,2024-07-08 00:39:15.134
ALB,27.0,0 days 00:01:47.754000,False,5955.134,6062.888,2024-07-08 00:39:15.134,2024-07-08 00:41:02.888
ALB,28.0,0 days 00:02:08.459000,False,6062.888,6191.347,2024-07-08 00:41:02.888,2024-07-08 00:43:11.347
ALB,29.0,0 days 00:01:41.726000,False,6191.347,6293.073,2024-07-08 00:43:11.347,2024-07-08 00:44:53.073
ALB,30.0,0 days 00:01:43.271000,False,6293.073,6396.344,2024-07-08 00:44:53.073,2024-07-08 00:46:36.344
ALB,31.0,0 days 00:01:43.229000,False,6396.344,6499.573,2024-07-08 00:46:36.344,2024-07-08 00:48:19.573
ALB,32.0,0 days 00:01:44.304000,False,6499.573,6603.877,2024-07-08 00:48:19.573,2024-07-08 00:50:03.877
ALB,33.0,0 days 00:01:44.820000,False,6603.877,6708.697,2024-07-08 00:50:03.877,2024-07-08 00:51:48.697
ALB,34.0,0 days 00:01:45.216000,False,6708.697,6813.913,2024-07-08 00:51:48.697,2024-07-08 00:53:33.913
ALB,35.0,0 days 00:01:45.202000,False,6813.913,6919.115,2024-07-08 00:53:33.913,2024-07-08 00:55:19.115
ALB,36.0,0 days 00:01:43.075000,False,6919.115,7022.19,2024-07-08 00:55:19.115,2024-07-08 00:57:02.190
ALB,37.0,0 days 00:01:40.273000,False,7022.19,7122.463,2024-07-08 00:57:02.190,2024-07-08 00:58:42.463
ALB,38.0,0 days 00:01:37.843000,False,7122.463,7220.306,2024-07-08 00:58:42.463,2024-07-08 01:00:20.306
ALB,39.0,0 days 00:01:57.678000,False,7220.306,7337.984,2024-07-08 01:00:20.306,2024-07-08 01:02:17.984
ALB,40.0,0 days 00:01:30.889000,True,7337.984,7428.873,2024-07-08 01:02:17.984,2024-07-08 01:03:48.873
ALB,41.0,0 days 00:01:30.715000,True,7428.873,7519.588,2024-07-08 01:03:48.873,2024-07-08 01:05:19.588
ALB,42.0,0 days 00:01:30.458000,True,7519.588,7610.046,2024-07-08 01:05:19.588,2024-07-08 01:06:50.046
ALB,43.0,0 days 00:01:30.126000,True,7610.046,7700.172,2024-07-08 01:06:50.046,2024-07-08 01:08:20.172
ALB,44.0,0 days 00:01:30.740000,False,7700.172,7790.912,2024-07-08 01:08:20.172,2024-07-08 01:09:50.912
ALB,45.0,0 days 00:01:30.406000,False,7790.912,7881.318,2024-07-08 01:09:50.912,2024-07-08 01:11:21.318
ALB,46.0,0 days 00:01:30.234000,False,7881.318,7971.552,2024-07-08 01:11:21.318,2024-07-08 01:12:51.552
ALB,47.0,0 days 00:01:30.148000,False,7971.552,8061.7,2024-07-08 01:12:51.552,2024-07-08 01:14:21.700
ALB,48.0,0 days 00:01:30.068000,True,8061.7,8151.768,2024-07-08 01:14:21.700,2024-07-08 01:15:51.768
ALB,49.0,0 days 00:01:29.960000,True,8151.768,8241.728,2024-07-08 01:15:51.768,2024-07-08 01:17:21.727
ALB,50.0,0 days 00:01:29.828000,True,8241.728,8331.556,2024-07-08 01:17:21.727,2024-07-08 01:18:51.556
ALB,51.0,0 days 00:01:29.916000,False,8331.556,8421.472,2024-07-08 01:18:51.556,2024-07-08 01:20:21.472
ALB,52.0,0 days 00:01:29.718000,True,8421.472,8511.19,2024-07-08 01:20:21.472,2024-07-08 01:21:51.190
TSU,1.0,0 days 00:01:41.109000,False,3495.512,3596.853,2024-07-07 23:58:15.512,2024-07-07 23:59:56.853
TSU,2.0,0 days 00:01:33.214000,True,3596.853,3690.067,2024-07-07 23:59:56.853,2024-07-08 00:01:30.067
TSU,3.0,0 days 00:01:33.062000,True,3690.067,3783.129,2024-07-08 00:01:30.067,2024-07-08 00:03:03.129
TSU,4.0,0 days 00:01:33.164000,False,3783.129,3876.293,2024-07-08 00:03:03.129,2024-07-08 00:04:36.293
TSU,5.0,0 days 00:01:32.607000,True,3876.293,3968.9,2024-07-08 00:04:36.293,2024-07-08 00:06:08.900
TSU,6.0,0 days 00:01:32.614000,False,3968.9,4061.514,2024-07-08 00:06:08.900,2024-07-08 00:07:41.514
TSU,7.0,0 days 00:01:32.817000,False,4061.514,4154.331,2024-07-08 00:07:41.514,2024-07-08 00:09:14.331
TSU,8.0,0 days 00:01:32.623000,False,4154.331,4246.954,2024-07-08 00:09:14.331,2024-07-08 00:10:46.953
TSU,9.0,0 days 00:01:32.570000,True,4246.954,4339.524,2024-07-08 00:10:46.953,2024-07-08 00:12:19.524
TSU,10.0,0 days 00:01:33.438000,False,4339.524,4432.962,2024-07-08 00:12:19.524,2024-07-08 00:13:52.962
TSU,11.0,0 days 00:01:32.805000,False,4432.962,4525.767,2024-07-08 00:13:52.962,2024-07-08 00:15:25.767
TSU,12.0,0 days 00:01:32.782000,False,4525.767,4618.549,2024-07-08 00:15:25.767,2024-07-08 00:16:58.549
TSU,13.0,0 days 00:01:33.031000,False,4618.549,4711.58,2024-07-08 00:16:58.549,2024-07-08 00:18:31.580
TSU,14.0,0 days 00:01:32.731000,False,4711.58,4804.311,2024-07-08 00:18:31.580,2024-07-08 00:20:04.311
TSU,15.0,0 days 00:01:32.589000,False,4804.311,4896.9,2024-07-08 00:20:04.311,2024-07-08 00:21:36.900
TSU,16.0,0 days 00:01:33.209000,False,4896.9,4990.109,2024-07-08 00:21:36.900,2024-07-08 00:23:10.109
TSU,17.0,0 days 00:01:34.738000,False,4990.109,5084.847,2024-07-08 00:23:10.109,2024-07-08 00:24:44.847
TSU,18.0,0 days 00:01:35.392000,False,5084.847,5180.239,2024-07-08 00:24:44.847,2024-07-08 00:26:20.239
TSU,19.0,0 days 00:01:44.585000,False,5180.239,5284.824,2024-07-08 00:26:20.239,2024-07-08 00:28:04.824
TSU,20.0,0 days 00:01:36.875000,False,5284.824,5381.699,2024-07-08 00:28:04.824,2024-07-08 00:29:41.699
TSU,21.0,0 days 00:01:33.724000,False,5381.699,5475.423,2024-07-08 00:29:41.699,2024-07-08 00:31:15.423
TSU,22.0,0 days 00:01:32.681000,False,5475.423,5568.104,2024-07-08 00:31:15.423,2024-07-08 00:32:48.104
TSU,23.0,0 days 00:01:33.106000,False,5568.104,5661.21,2024-07-08 00:32:48.104,2024-07-08 00:34:21.210
TSU,24.0,0 days 00:01:34.106000,False,5661.21,5755.316,2024-07-08 00:34:21.210,2024-07-08 00:35:55.316
TSU,25.0,0 days 00:01:35.473000,False,5755.316,5850.789,2024-07-08 00:35:55.316,2024-07-08 00:37:30.789
TSU,26.0,0 days 00:01:43.260000,False,5850.789,5954.049,2024-07-08 00:37:30.789,2024-07-08 00:39:14.049
TSU,27.0,0 days 00:01:48.126000,False,5954.049,6062.175,2024-07-08 00:39:14.049,2024-07-08 00:41:02.175
TSU,28.0,0 days 00:02:03.448000,False,6062.175,6185.623,2024-07-08 00:41:02.175,2024-07-08 00:43:05.623
TSU,29.0,0 days 00:01:43.749000,False,6185.623,6289.372,2024-07-08 00:43:05.623,2024-07-08 00:44:49.372
TSU,30.0,0 days 00:01:42.967000,False,6289.372,6392.339,2024-07-08 00:44:49.372,2024-07-08 00:46:32.339
TSU,31.0,0 days 00:01:43.355000,False,6392.339,6495.694,2024-07-08 00:46:32.339,2024-07-08 00:48:15.694
TSU,32.0,0 days 00:01:44.456000,False,6495.694,6600.15,2024-07-08 00:48:15.694,2024-07-08 00:50:00.150
TSU,33.0,0 days 00:01:44.979000,False,6600.15,6705.129,2024-07-08 00:50:00.150,2024-07-08 00:51:45.129
TSU,34.0,0 days 00:01:44.923000,False,6705.129,6810.052,2024-07-08 00:51:45.129,2024-07-08 00:53:30.052
TSU,35.0,0 days 00:01:44.782000,False,6810.052,6914.834,2024-07-08 00:53:30.052,2024-07-08 00:55:14.834
TSU,36.0,0 days 00:01:42.726000,False,6914.834,7017.56,2024-07-08 00:55:14.834,2024-07-08 00:56:57.560
TSU,37.0,0 days 00:01:41.098000,False,7017.56,7118.658,2024-07-08 00:56:57.560,2024-07-08 00:58:38.658
TSU,38.0,0 days 00:01:38.670000,False,7118.658,7217.328,2024-07-08 00:58:38.658,2024-07-08 01:00:17.328
TSU,39.0,0 days 00:01:58.637000,False,7217.328,7335.965,2024-07-08 01:00:17.328,2024-07-08 01:02:15.965
TSU,40.0,0 days 00:01:32.318000,True,7335.965,7428.283,2024-07-08 01:02:15.965,2024-07-08 01:03:48.283
TSU,41.0,0 days 00:01:30.812000,True,7428.283,7519.095,2024-07-08 01:03:48.283,2024-07-08 01:05:19.095
TSU,42.0,0 days 00:01:30.319000,True,7519.095,7609.414,2024-07-08 01:05:19.095,2024-07-08 01:06:49.414
TSU,43.0,0 days 00:01:30.229000,True,7609.414,7699.643,2024-07-08 01:06:49.414,2024-07-08 01:08:19.643
TSU,44.0,0 days 00:01:30.882000,False,7699.643,7790.525,2024-07-08 01:08:19.643,2024-07-08 01:09:50.525
TSU,45.0,0 days 00:01:31.438000,False,7790.525,7881.963,2024-07-08 01:09:50.525,2024-07-08 01:11:21.963
TSU,46.0,0 days 00:01:31.688000,False,7881.963,7973.651,2024-07-08 01:11:21.963,2024-07-08 01:12:53.651
TSU,47.0,0 days 00:01:30.982000,False,7973.651,8064.633,2024-07-08 01:12:53.651,2024-07-08 01:14:24.633
TSU,48.0,0 days 00:01:31.367000,False,8064.633,8156.0,2024-07-08 01:14:24.633,2024-07-08 01:15:56.000
TSU,49.0,0 days 00:01:31.080000,False,8156.0,8247.08,2024-07-08 01:15:56.000,2024-07-08 01:17:27.080
TSU,50.0,0 days 00:01:31.407000,False,8247.08,8338.487,2024-07-08 01:17:27.080,2024-07-08 01:18:58.486
TSU,51.0,0 days 00:01:31.529000,False,8338.487,8430.016,2024-07-08 01:18:58.486,2024-07-08 01:20:30.016
TSU,52.0,0 days 00:01:32.090000,False,8430.016,8522.106,2024-07-08 01:20:30.016,2024-07-08 01:22:02.106
SAR,1.0,0 days 00:01:41.772000,False,3495.512,3597.516,2024-07-07 23:58:15.512,2024-07-07 23:59:57.516
SAR,2.0,0 days 00:01:33.435000,True,3597.516,3690.951,2024-07-07 23:59:57.516,2024-07-08 00:01:30.951
SAR,3.0,0 days 00:01:33.319000,True,3690.951,3784.27,2024-07-08 00:01:30.951,2024-07-08 00:03:04.270
SAR,4.0,0 days 00:01:33.110000,True,3784.27,3877.38,2024-07-08 00:03:04.270,2024-07-08 00:04:37.380
SAR,5.0,0 days 00:01:33.139000,False,3877.38,3970.519,2024-07-08 00:04:37.380,2024-07-08 00:06:10.519
SAR,6.0,0 days 00:01:32.904000,True,3970.519,4063.423,2024-07-08 00:06:10.519,2024-07-08 00:07:43.423
SAR,7.0,0 days 00:01:33.002000,False,4063.423,4156.425,2024-07-08 00:07:43.423,2024-07-08 00:09:16.425
SAR,8.0,0 days 00:01:32.806000,True,4156.425,4249.231,2024-07-08 00:09:16.425,2024-07-08 00:10:49.231
SAR,9.0,0 days 00:01:33.019000,False,4249.231,4342.25,2024-07-08 00:10:49.231,2024-07-08 00:12:22.250
SAR,10.0,0 days 00:01:32.956000,False,4342.25,4435.206,2024-07-08 00:12:22.250,2024-07-08 00:13:55.206
SAR,11.0,0 days 00:01:32.897000,False,4435.206,4528.103,2024-07-08 00:13:55.206,2024-07-08 00:15:28.103
SAR,12.0,0 days 00:01:32.748000,True,4528.103,4620.851,2024-07-08 00:15:28.103,2024-07-08 00:17:00.851
SAR,13.0,0 days 00:01:33.040000,False,4620.851,4713.891,2024-07-08 00:17:00.851,2024-07-08 00:18:33.891
SAR,14.0,0 days 00:01:32.607000,True,4713.891,4806.498,2024-07-08 00:18:33.891,2024-07-08 00:20:06.498
SAR,15.0,0 days 00:01:32.543000,True,4806.498,4899.041,2024-07-08 00:20:06.498,2024-07-08 00:21:39.041
SAR,16.0,0 days 00:01:33.701000,False,4899.041,4992.742,2024-07-08 00:21:39.041,2024-07-08 00:23:12.742
SAR,17.0,0 days 00:01:35.258000,False,4992.742,5088.0,2024-07-08 00:23:12.742,2024-07-08 00:24:48.000
SAR,18.0,0 days 00:01:34.900000,False,5088.0,5182.9,2024-07-08 00:24:48.000,2024-07-08 00:26:22.900
SAR,19.0,0 days 00:01:44.090000,False,5182.9,5286.99,2024-07-08 00:26:22.900,2024-07-08 00:28:06.990
SAR,20.0,0 days 00:01:36.116000,False,5286.99,5383.106,2024-07-08 00:28:06.990,2024-07-08 00:29:43.106
SAR,21.0,0 days 00:01:33.632000,False,5383.106,5476.738,2024-07-08 00:29:43.106,2024-07-08 00:31:16.738
SAR,22.0,0 days 00:01:32.826000,False,5476.738,5569.564,2024-07-08 00:31:16.738,2024-07-08 00:32:49.564
SAR,23.0,0 days 00:01:34.494000,False,5569.564,5664.058,2024-07-08 00:32:49.564,2024-07-08 00:34:24.058
SAR,24.0,0 days 00:01:34.037000,False,5664.058,5758.095,2024-07-08 00:34:24.058,2024-07-08 00:35:58.095
SAR,25.0,0 days 00:01:36.166000,False,5758.095,5854.261,2024-07-08 00:35:58.095,2024-07-08 00:37:34.261
SAR,26.0,0 days 00:01:44.642000,False,5854.261,5958.903,2024-07-08 00:37:34.261,2024-07-08 00:39:18.903
SAR,27.0,0 days 00:01:52.246000,False,5958.903,6071.149,2024-07-08 00:39:18.903,2024-07-08 00:41:11.149
SAR,28.0,0 days 00:02:05.981000,False,6071.149,6197.13,2024-07-08 00:41:11.149,2024-07-08 00:43:17.130
SAR,29.0,0 days 00:01:42.215000,False,6197.13,6299.345,2024-07-08 00:43:17.130,2024-07-08 00:44:59.345
SAR,30.0,0 days 00:01:42.476000,False,6299.345,6401.821,2024-07-08 00:44:59.345,2024-07-08 00:46:41.821
SAR,31.0,0 days 00:01:44.332000,False,6401.821,6506.153,2024-07-08 00:46:41.821,2024-07-08 00:48:26.153
SAR,32.0,0 days 00:01:44.912000,False,6506.153,6611.065,2024-07-08 00:48:26.153,2024-07-08 00:50:11.065
SAR,33.0,0 days 00:01:45.684000,False,6611.065,6716.749,2024-07-08 00:50:11.065,2024-07-08 00:51:56.749
SAR,34.0,0 days 00:01:46.095000,False,6716.749,6822.844,2024-07-08 00:51:56.749,2024-07-08 00:53:42.844
SAR,35.0,0 days 00:01:45.851000,False,6822.844,6928.695,2024-07-08 00:53:42.844,2024-07-08 00:55:28.695
SAR,36.0,0 days 00:01:43.365000,False,6928.695,7032.06,2024-07-08 00:55:28.695,2024-07-08 00:57:12.060
SAR,37.0,0 days 00:01:42.207000,False,7032.06,7134.267,2024-07-08 00:57:12.060,2024-07-08 00:58:54.267
SAR,38.0,0 days 00:01:38.811000,False,7134.267,7233.078,2024-07-08 00:58:54.267,2024-07-08 01:00:33.078
SAR,39.0,0 days 00:01:56.256000,False,7233.078,7349.334,2024-07-08 01:00:33.078,2024-07-08 01:02:29.334
SAR,40.0,0 days 00:01:31.353000,True,7349.334,7440.687,2024-07-08 01:02:29.334,2024-07-08 01:04:00.687
SAR,41.0,0 days 00:01:30.875000,True,7440.687,7531.562,2024-07-08 01:04:00.687,2024-07-08 01:05:31.562
SAR,42.0,0 days 00:01:29.972000,True,7531.562,7621.534,2024-07-08 01:05:31.562,2024-07-08 01:07:01.534
SAR,43.0,0 days 00:01:30.162000,False,7621.534,7711.696,2024-07-08 01:07:01.534,2024-07-08 01:08:31.696
SAR,44.0,0 days 00:01:30.003000,False,7711.696,7801.699,2024-07-08 01:08:31.696,2024-07-08 01:10:01.699
SAR,45.0,0 days 00:01:30.613000,False,7801.699,7892.312,2024-07-08 01:10:01.699,2024-07-08 01:11:32.312
SAR,46.0,0 days 00:01:30.826000,False,7892.312,7983.138,2024-07-08 01:11:32.312,2024-07-08 01:13:03.138
SAR,47.0,0 days 00:01:31.250000,False,7983.138,8074.388,2024-07-08 01:13:03.138,2024-07-08 01:14:34.388
SAR,48.0,0 days 00:01:31.201000,False,8074.388,8165.589,2024-07-08 01:14:34.388,2024-07-08 01:16:05.589
SAR,49.0,0 days 00:01:31.175000,False,8165.589,8256.764,2024-07-08 01:16:05.589,2024-07-08 01:17:36.763
SAR,50.0,0 days 00:01:31.249000,False,8256.764,8348.013,2024-07-08 01:17:36.763,2024-07-08 01:19:08.013
SAR,51.0,0 days 00:01:31.662000,False,8348.013,8439.675,2024-07-08 01:19:08.013,2024-07-08 01:20:39.674
SAR,52.0,0 days 00:01:32.088000,False,8439.675,8531.763,2024-07-08 01:20:39.674,2024-07-08 01:22:11.763
MAG,1.0,0 days 00:01:43.681000,False,3495.512,3599.425,2024-07-07 23:58:15.512,2024-07-07 23:59:59.425
MAG,2.0,0 days 00:01:34.216000,True,3599.425,3693.641,2024-07-07 23:59:59.425,2024-07-08 00:01:33.641
MAG,3.0,0 days 00:01:33.259000,True,3693.641,3786.9,2024-07-08 00:01:33.641,2024-07-08 00:03:06.900
MAG,4.0,0 days 00:01:33.110000,True,3786.9,3880.01,2024-07-08 00:03:06.900,2024-07-08 00:04:40.010
MAG,5.0,0 days 00:01:32.999000,True,3880.01,3973.009,2024-07-08 00:04:40.010,2024-07-08 00:06:13.009
MAG,6.0,0 days 00:01:33.544000,False,3973.009,4066.553,2024-07-08 00:06:13.009,2024-07-08 00:07:46.553
MAG,7.0,0 days 00:01:33.734000,False,4066.553,4160.287,2024-07-08 00:07:46.553,2024-07-08 00:09:20.287
MAG,8.0,0 days 00:01:33.204000,False,4160.287,4253.491,2024-07-08 00:09:20.287,2024-07-08 00:10:53.491
MAG,9.0,0 days 00:01:32.783000,True,4253.491,4346.274,2024-07-08 00:10:53.491,2024-07-08 00:12:26.274
MAG,10.0,0 days 00:01:32.647000,True,4346.274,4438.921,2024-07-08 00:12:26.274,2024-07-08 00:13:58.921
MAG,11.0,0 days 00:01:32.671000,False,4438.921,4531.592,2024-07-08 00:13:58.921,2024-07-08 00:15:31.592
MAG,12.0,0 days 00:01:32.531000,True,4531.592,4624.123,2024-07-08 00:15:31.592,2024-07-08 00:17:04.123
MAG,13.0,0 days 00:01:32.740000,False,4624.123,4716.863,2024-07-08 00:17:04.123,2024-07-08 00:18:36.863
MAG,14.0,0 days 00:01:32.506000,True,4716.863,4809.369,2024-07-08 00:18:36.863,2024-07-08 00:20:09.369
MAG,15.0,0 days 00:01:32.953000,False,4809.369,4902.322,2024-07-08 00:20:09.369,2024-07-08 00:21:42.322
MAG,16.0,0 days 00:01:33.486000,False,4902.322,4995.808,2024-07-08 00:21:42.322,2024-07-08 00:23:15.808
MAG,17.0,0 days 00:01:34.661000,False,4995.808,5090.469,2024-07-08 00:23:15.808,2024-07-08 00:24:50.469
MAG,18.0,0 days 00:01:34.730000,False,5090.469,5185.199,2024-07-08 00:24:50.469,2024-07-08 00:26:25.199
MAG,19.0,0 days 00:01:43.505000,False,5185.199,5288.704,2024-07-08 00:26:25.199,2024-07-08 00:28:08.704
MAG,20.0,0 days 00:01:35.181000,False,5288.704,5383.885,2024-07-08 00:28:08.704,2024-07-08 00:29:43.885
MAG,21.0,0 days 00:01:33.484000,False,5383.885,5477.369,2024-07-08 00:29:43.885,2024-07-08 00:31:17.369
MAG,22.0,0 days 00:01:32.766000,False,5477.369,5570.135,2024-07-08 00:31:17.369,2024-07-08 00:32:50.135
MAG,23.0,0 days 00:01:33.278000,False,5570.135,5663.413,2024-07-08 00:32:50.135,2024-07-08 00:34:23.413
MAG,24.0,0 days 00:01:33.625000,False,5663.413,5757.038,2024-07-08 00:34:23.413,2024-07-08 00:35:57.038
MAG,25.0,0 days 00:01:35.150000,False,5757.038,5852.188,2024-07-08 00:35:57.038,2024-07-08 00:37:32.188
MAG,26.0,0 days 00:01:45.466000,False,5852.188,5957.654,2024-07-08 00:37:32.188,2024-07-08 00:39:17.654
MAG,27.0,0 days 00:01:51.325000,False,5957.654,6068.979,2024-07-08 00:39:17.654,2024-07-08 00:41:08.979
MAG,28.0,0 days 00:02:05.299000,False,6068.979,6194.278,2024-07-08 00:41:08.979,2024-07-08 00:43:14.278
MAG,29.0,0 days 00:01:42.842000,False,6194.278,6297.12,2024-07-08 00:43:14.278,2024-07-08 00:44:57.120
MAG,30.0,0 days 00:01:42.133000,False,6297.12,6399.253,2024-07-08 00:44:57.120,2024-07-08 00:46:39.253
MAG,31.0,0 days 00:01:44.060000,False,6399.253,6503.313,2024-07-08 00:46:39.253,2024-07-08 00:48:23.313
MAG,32.0,0 days 00:01:45.084000,False,6503.313,6608.397,2024-07-08 00:48:23.313,2024-07-08 00:50:08.397
MAG,33.0,0 days 00:01:45.266000,False,6608.397,6713.663,2024-07-08 00:50:08.397,2024-07-08 00:51:53.663
MAG,34.0,0 days 00:01:46.135000,False,6713.663,6819.798,2024-07-08 00:51:53.663,2024-07-08 00:53:39.798
MAG,35.0,0 days 00:01:45.557000,False,6819.798,6925.355,2024-07-08 00:53:39.798,2024-07-08 00:55:25.355
MAG,36.0,0 days 00:01:43.611000,False,6925.355,7028.966,2024-07-08 00:55:25.355,2024-07-08 00:57:08.966
MAG,37.0,0 days 00:01:42.038000,False,7028.966,7131.004,2024-07-08 00:57:08.966,2024-07-08 00:58:51.004
MAG,38.0,0 days 00:02:03.931000,False,7131.004,7254.935,2024-07-08 00:58:51.004,2024-07-08 01:00:54.935
MAG,39.0,0 days 00:01:33.212000,False,7254.935,7348.147,2024-07-08 01:00:54.935,2024-07-08 01:02:28.147
MAG,40.0,0 days 00:01:32.071000,True,7348.147,7440.218,2024-07-08 01:02:28.147,2024-07-08 01:04:00.218
MAG,41.0,0 days 00:01:30.610000,True,7440.218,7530.828,2024-07-08 01:04:00.218,2024-07-08 01:05:30.828
MAG,42.0,0 days 00:01:30.093000,True,7530.828,7620.921,2024-07-08 01:05:30.828,2024-07-08 01:07:00.921
MAG,43.0,0 days 00:01:30.454000,False,7620.921,7711.375,2024-07-08 01:07:00.921,2024-07-08 01:08:31.375
MAG,44.0,0 days 00:01:31.342000,False,7711.375,7802.717,2024-07-08 01:08:31.375,2024-07-08 01:10:02.717
MAG,45.0,0 days 00:01:31.722000,False,7802.717,7894.439,2024-07-08 01:10:02.717,2024-07-08 01:11:34.439
MAG,46.0,0 days 00:01:31.131000,False,7894.439,7985.57,2024-07-08 01:11:34.439,2024-07-08 01:13:05.570
MAG,47.0,0 days 00:01:31.036000,False,7985.57,8076.606,2024-07-08 01:13:05.570,2024-07-08 01:14:36.606
MAG,48.0,0 days 00:01:30.953000,False,8076.606,8167.559,2024-07-08 01:14:36.606,2024-07-08 01:16:07.559
MAG,49.0,0 days 00:01:30.803000,False,8167.559,8258.362,2024-07-08 01:16:07.559,2024-07-08 01:17:38.361
MAG,50.0,0 days 00:01:31.143000,False,8258.362,8349.505,2024-07-08 01:17:38.361,2024-07-08 01:19:09.504
MAG,51.0,0 days 00:01:31.469000,False,8349.505,8440.974,2024-07-08 01:19:09.504,2024-07-08 01:20:40.974
MAG,52.0,0 days 00:01:31.982000,False,8440.974,8532.956,2024-07-08 01:20:40.974,2024-07-08 01:22:12.956
RIC,1.0,0 days 00:01:42.715000,False,3495.512,3598.459,2024-07-07 23:58:15.512,2024-07-07 23:59:58.459
RIC,2.0,0 days 00:01:33.709000,True,3598.459,3692.168,2024-07-07 23:59:58.459,2024-07-08 00:01:32.168
RIC,3.0,0 days 00:01:33.429000,True,3692.168,3785.597,2024-07-08 00:01:32.168,2024-07-08 00:03:05.597
RIC,4.0,0 days 00:01:33.253000,True,3785.597,3878.85,2024-07-08 00:03:05.597,2024-07-08 00:04:38.850
RIC,5.0,0 days 00:01:33.263000,False,3878.85,3972.113,2024-07-08 00:04:38.850,2024-07-08 00:06:12.113
RIC,6.0,0 days 00:01:33.666000,False,3972.113,4065.779,2024-07-08 00:06:12.113,2024-07-08 00:07:45.779
RIC,7.0,0 days 00:01:32.952000,True,4065.779,4158.731,2024-07-08 00:07:45.779,2024-07-08 00:09:18.731
RIC,8.0,0 days 00:01:33.095000,False,4158.731,4251.826,2024-07-08 00:09:18.731,2024-07-08 00:10:51.826
RIC,9.0,0 days 00:01:32.762000,True,4251.826,4344.588,2024-07-08 00:10:51.826,2024-07-08 00:12:24.587
RIC,10.0,0 days 00:01:32.721000,True,4344.588,4437.309,2024-07-08 00:12:24.587,2024-07-08 00:13:57.309
RIC,11.0,0 days 00:01:32.804000,False,4437.309,4530.113,2024-07-08 00:13:57.309,2024-07-08 00:15:30.113
RIC,12.0,0 days 00:01:32.797000,False,4530.113,4622.91,2024-07-08 00:15:30.113,2024-07-08 00:17:02.910
RIC,13.0,0 days 00:01:32.880000,False,4622.91,4715.79,2024-07-08 00:17:02.910,2024-07-08 00:18:35.790
RIC,14.0,0 days 00:01:32.933000,False,4715.79,4808.723,2024-07-08 00:18:35.790,2024-07-08 00:20:08.723
RIC,15.0,0 days 00:01:33.171000,False,4808.723,4901.894,2024-07-08 00:20:08.723,2024-07-08 00:21:41.894
RIC,16.0,0 days 00:01:34.437000,False,4901.894,4996.331,2024-07-08 00:21:41.894,2024-07-08 00:23:16.331
RIC,17.0,0 days 00:01:35.885000,False,4996.331,5092.216,2024-07-08 00:23:16.331,2024-07-08 00:24:52.216
RIC,18.0,0 days 00:01:36.827000,False,5092.216,5189.043,2024-07-08 00:24:52.216,2024-07-08 00:26:29.043
RIC,19.0,0 days 00:01:44.922000,False,5189.043,5293.965,2024-07-08 00:26:29.043,2024-07-08 00:28:13.965
RIC,20.0,0 days 00:01:37.330000,False,5293.965,5391.295,2024-07-08 00:28:13.965,2024-07-08 00:29:51.295
RIC,21.0,0 days 00:01:34.722000,False,5391.295,5486.017,2024-07-08 00:29:51.295,2024-07-08 00:31:26.017
RIC,22.0,0 days 00:01:33.015000,False,5486.017,5579.032,2024-07-08 00:31:26.017,2024-07-08 00:32:59.032
RIC,23.0,0 days 00:01:34.224000,False,5579.032,5673.256,2024-07-08 00:32:59.032,2024-07-08 00:34:33.256
RIC,24.0,0 days 00:01:36.483000,False,5673.256,5769.739,2024-07-08 00:34:33.256,2024-07-08 00:36:09.739
RIC,25.0,0 days 00:01:38.725000,False,5769.739,5868.464,2024-07-08 00:36:09.739,2024-07-08 00:37:48.464
RIC,26.0,0 days 00:01:44.813000,False,5868.464,5973.277,2024-07-08 00:37:48.464,2024-07-08 00:39:33.277
RIC,27.0,0 days 00:02:02.788000,False,5973.277,6096.065,2024-07-08 00:39:33.277,2024-07-08 00:41:36.065
RIC,28.0,0 days 00:01:43.338000,False,6096.065,6199.403,2024-07-08 00:41:36.065,2024-07-08 00:43:19.403
RIC,29.0,0 days 00:01:43.377000,False,6199.403,6302.78,2024-07-08 00:43:19.403,2024-07-08 00:45:02.780
RIC,30.0,0 days 00:01:43.298000,False,6302.78,6406.078,2024-07-08 00:45:02.780,2024-07-08 00:46:46.078
RIC,31.0,0 days 00:01:43.699000,False,6406.078,6509.777,2024-07-08 00:46:46.078,2024-07-08 00:48:29.777
RIC,32.0,0 days 00:01:44.144000,False,6509.777,6613.921,2024-07-08 00:48:29.777,2024-07-08 00:50:13.921
RIC,33.0,0 days 00:01:44.855000,False,6613.921,6718.776,2024-07-08 00:50:13.921,2024-07-08 00:51:58.776
RIC,34.0,0 days 00:01:45.969000,False,6718.776,6824.745,2024-07-08 00:51:58.776,2024-07-08 00:53:44.745
RIC,35.0,0 days 00:01:45.535000,False,6824.745,6930.28,2024-07-08 00:53:44.745,2024-07-08 00:55:30.280
RIC,36.0,0 days 00:01:43.213000,False,6930.28,7033.493,2024-07-08 00:55:30.280,2024-07-08 00:57:13.493
RIC,37.0,0 days 00:01:40.483000,False,7033.493,7133.976,2024-07-08 00:57:13.493,2024-07-08 00:58:53.976
RIC,38.0,0 days 00:02:03.328000,False,7133.976,7257.304,2024-07-08 00:58:53.976,2024-07-08 01:00:57.304
RIC,39.0,0 days 00:01:33.138000,False,7257.304,7350.442,2024-07-08 01:00:57.304,2024-07-08 01:02:30.442
RIC,40.0,0 days 00:01:32.428000,True,7350.442,7442.87,2024-07-08 01:02:30.442,2024-07-08 01:04:02.870
RIC,41.0,0 days 00:01:31.289000,True,7442.87,7534.159,2024-07-08 01:04:02.870,2024-07-08 01:05:34.159
RIC,42.0,0 days 00:01:30.765000,True,7534.159,7624.924,2024-07-08 01:05:34.159,2024-07-08 01:07:04.924
RIC,43.0,0 days 00:01:31.198000,False,7624.924,7716.122,2024-07-08 01:07:04.924,2024-07-08 01:08:36.122
RIC,44.0,0 days 00:01:31.080000,False,7716.122,7807.202,2024-07-08 01:08:36.122,2024-07-08 01:10:07.202
RIC,45.0,0 days 00:01:30.955000,False,7807.202,7898.157,2024-07-08 01:10:07.202,2024-07-08 01:11:38.157
RIC,46.0,0 days 00:01:30.849000,False,7898.157,7989.006,2024-07-08 01:11:38.157,2024-07-08 01:13:09.006
RIC,47.0,0 days 00:01:30.735000,True,7989.006,8079.741,2024-07-08 01:13:09.006,2024-07-08 01:14:39.741
RIC,48.0,0 days 00:01:31.109000,False,8079.741,8170.85,2024-07-08 01:14:39.741,2024-07-08 01:16:10.850
RIC,49.0,0 days 00:01:32.926000,False,8170.85,8263.776,2024-07-08 01:16:10.850,2024-07-08 01:17:43.776
RIC,50.0,0 days 00:01:34.150000,False,8263.776,8357.926,2024-07-08 01:17:43.776,2024-07-08 01:19:17.925
RIC,51.0,0 days 00:01:34.814000,False,8357.926,8452.74,2024-07-08 01:19:17.925,2024-07-08 01:20:52.740
LEC,1.0,0 days 00:01:39.663000,False,3495.512,3595.407,2024-07-07 23:58:15.512,2024-07-07 23:59:55.407
LEC,2.0,0 days 00:01:32.858000,True,3595.407,3688.265,2024-07-07 23:59:55.407,2024-07-08 00:01:28.265
LEC,3.0,0 days 00:01:32.369000,True,3688.265,3780.634,2024-07-08 00:01:28.265,2024-07-08 00:03:00.634
LEC,4.0,0 days 00:01:32.705000,False,3780.634,3873.339,2024-07-08 00:03:00.634,2024-07-08 00:04:33.339
LEC,5.0,0 days 00:01:32.697000,False,3873.339,3966.036,2024-07-08 00:04:33.339,2024-07-08 00:06:06.036
LEC,6.0,0 days 00:01:32.758000,False,3966.036,4058.794,2024-07-08 00:06:06.036,2024-07-08 00:07:38.794
LEC,7.0,0 days 00:01:32.662000,False,4058.794,4151.456,2024-07-08 00:07:38.794,2024-07-08 00:09:11.456
LEC,8.0,0 days 00:01:32.860000,False,4151.456,4244.316,2024-07-08 00:09:11.456,2024-07-08 00:10:44.316
LEC,9.0,0 days 00:01:32.326000,True,4244.316,4336.642,2024-07-08 00:10:44.316,2024-07-08 00:12:16.642
LEC,10.0,0 days 00:01:32.496000,False,4336.642,4429.138,2024-07-08 00:12:16.642,2024-07-08 00:13:49.138
LEC,11.0,0 days 00:01:32.348000,False,4429.138,4521.486,2024-07-08 00:13:49.138,2024-07-08 00:15:21.486
LEC,12.0,0 days 00:01:32.236000,True,4521.486,4613.722,2024-07-08 00:15:21.486,2024-07-08 00:16:53.722
LEC,13.0,0 days 00:01:31.989000,True,4613.722,4705.711,2024-07-08 00:16:53.722,2024-07-08 00:18:25.711
LEC,14.0,0 days 00:01:32.396000,False,4705.711,4798.107,2024-07-08 00:18:25.711,2024-07-08 00:19:58.107
LEC,15.0,0 days 00:01:32.755000,False,4798.107,4890.862,2024-07-08 00:19:58.107,2024-07-08 00:21:30.862
LEC,16.0,0 days 00:01:32.923000,False,4890.862,4983.785,2024-07-08 00:21:30.862,2024-07-08 00:23:03.785
LEC,17.0,0 days 00:01:35.280000,False,4983.785,5079.065,2024-07-08 00:23:03.785,2024-07-08 00:24:39.065
LEC,18.0,0 days 00:01:35.951000,False,5079.065,5175.016,2024-07-08 00:24:39.065,2024-07-08 00:26:15.016
LEC,19.0,0 days 00:01:45.868000,False,5175.016,5280.884,2024-07-08 00:26:15.016,2024-07-08 00:28:00.884
LEC,20.0,0 days 00:02:00.269000,False,5280.884,5401.153,2024-07-08 00:28:00.884,2024-07-08 00:30:01.153
LEC,21.0,0 days 00:01:42.846000,False,5401.153,5503.999,2024-07-08 00:30:01.153,2024-07-08 00:31:43.999
LEC,22.0,0 days 00:01:44.352000,False,5503.999,5608.351,2024-07-08 00:31:43.999,2024-07-08 00:33:28.351
LEC,23.0,0 days 00:01:46.593000,False,5608.351,5714.944,2024-07-08 00:33:28.351,2024-07-08 00:35:14.944
LEC,24.0,0 days 00:01:51.732000,False,5714.944,5826.676,2024-07-08 00:35:14.944,2024-07-08 00:37:06.676
LEC,25.0,0 days 00:01:49.301000,False,5826.676,5935.977,2024-07-08 00:37:06.676,2024-07-08 00:38:55.977
LEC,26.0,0 days 00:01:45.655000,False,5935.977,6041.632,2024-07-08 00:38:55.977,2024-07-08 00:40:41.632
LEC,27.0,0 days 00:01:45.912000,False,6041.632,6147.544,2024-07-08 00:40:41.632,2024-07-08 00:42:27.544
LEC,28.0,0 days 00:02:03.138000,False,6147.544,6270.682,2024-07-08 00:42:27.544,2024-07-08 00:44:30.682
LEC,29.0,0 days 00:01:41.602000,False,6270.682,6372.284,2024-07-08 00:44:30.682,2024-07-08 00:46:12.284
LEC,30.0,0 days 00:01:42.299000,False,6372.284,6474.583,2024-07-08 00:46:12.284,2024-07-08 00:47:54.583
LEC,31.0,0 days 00:01:43.950000,False,6474.583,6578.533,2024-07-08 00:47:54.583,2024-07-08 00:49:38.533
LEC,32.0,0 days 00:01:43.795000,False,6578.533,6682.328,2024-07-08 00:49:38.533,2024-07-08 00:51:22.328
LEC,33.0,0 days 00:01:43.217000,False,6682.328,6785.545,2024-07-08 00:51:22.328,2024-07-08 00:53:05.545
LEC,34.0,0 days 00:01:43.604000,False,6785.545,6889.149,2024-07-08 00:53:05.545,2024-07-08 00:54:49.149
LEC,35.0,0 days 00:01:42.415000,False,6889.149,6991.564,2024-07-08 00:54:49.149,2024-07-08 00:56:31.564
LEC,36.0,0 days 00:01:40.091000,False,6991.564,7091.655,2024-07-08 00:56:31.564,2024-07-08 00:58:11.655
LEC,37.0,0 days 00:01:38.357000,False,7091.655,7190.012,2024-07-08 00:58:11.655,2024-07-08 00:59:50.012
LEC,38.0,0 days 00:01:57.811000,False,7190.012,7307.823,2024-07-08 00:59:50.012,2024-07-08 01:01:47.823
LEC,39.0,0 days 00:01:31.481000,True,7307.823,7399.304,2024-07-08 01:01:47.823,2024-07-08 01:03:19.304
LEC,40.0,0 days 00:01:30.878000,True,7399.304,7490.182,2024-07-08 01:03:19.304,2024-07-08 01:04:50.182
LEC,41.0,0 days 00:01:30.035000,True,7490.182,7580.217,2024-07-08 01:04:50.182,2024-07-08 01:06:20.217
LEC,42.0,0 days 00:01:29.832000,True,7580.217,7670.049,2024-07-08 01:06:20.217,2024-07-08 01:07:50.049
LEC,43.0,0 days 00:01:29.748000,True,7670.049,7759.797,2024-07-08 01:07:50.049,2024-07-08 01:09:19.797
LEC,44.0,0 days 00:01:29.933000,False,7759.797,7849.73,2024-07-08 01:09:19.797,2024-07-08 01:10:49.730
LEC,45.0,0 days 00:01:29.911000,False,7849.73,7939.641,2024-07-08 01:10:49.730,2024-07-08 01:12:19.641
LEC,46.0,0 days 00:01:30.051000,False,7939.641,8029.692,2024-07-08 01:12:19.641,2024-07-08 01:13:49.692
LEC,47.0,0 days 00:01:30.289000,False,8029.692,8119.981,2024-07-08 01:13:49.692,2024-07-08 01:15:19.981
LEC,48.0,0 days 00:01:30.204000,False,8119.981,8210.185,2024-07-08 01:15:19.981,2024-07-08 01:16:50.184
LEC,49.0,0 days 00:01:30.929000,False,8210.185,8301.114,2024-07-08 01:16:50.184,2024-07-08 01:18:21.114
LEC,50.0,0 days 00:01:30.488000,False,8301.114,8391.602,2024-07-08 01:18:21.114,2024-07-08 01:19:51.602
LEC,51.0,0 days 00:01:31.674000,False,8391.602,8483.276,2024-07-08 01:19:51.602,2024-07-08 01:21:23.276
BOT,1.0,0 days 00:01:44.290000,False,3495.512,3600.034,2024-07-07 23:58:15.512,2024-07-08 00:00:00.034
BOT,2.0,0 days 00:01:35.368000,True,3600.034,3695.402,2024-07-08 00:00:00.034,2024-07-08 00:01:35.402
BOT,3.0,0 days 00:01:34.447000,True,3695.402,3789.849,2024-07-08 00:01:35.402,2024-07-08 00:03:09.849
BOT,4.0,0 days 00:01:34.322000,True,3789.849,3884.171,2024-07-08 00:03:09.849,2024-07-08 00:04:44.171
BOT,5.0,0 days 00:01:33.768000,True,3884.171,3977.939,2024-07-08 00:04:44.171,2024-07-08 00:06:17.939
BOT,6.0,0 days 00:01:33.460000,True,3977.939,4071.399,2024-07-08 00:06:17.939,2024-07-08 00:07:51.399
BOT,7.0,0 days 00:01:33.648000,False,4071.399,4165.047,2024-07-08 00:07:51.399,2024-07-08 00:09:25.046
BOT,8.0,0 days 00:01:33.561000,False,4165.047,4258.608,2024-07-08 00:09:25.046,2024-07-08 00:10:58.608
BOT,9.0,0 days 00:01:33.645000,False,4258.608,4352.253,2024-07-08 00:10:58.608,2024-07-08 00:12:32.252
BOT,10.0,0 days 00:01:33.787000,False,4352.253,4446.04,2024-07-08 00:12:32.252,2024-07-08 00:14:06.040
BOT,11.0,0 days 00:01:33.561000,False,4446.04,4539.601,2024-07-08 00:14:06.040,2024-07-08 00:15:39.601
BOT,12.0,0 days 00:01:33.269000,True,4539.601,4632.87,2024-07-08 00:15:39.601,2024-07-08 00:17:12.870
BOT,13.0,0 days 00:01:33.650000,False,4632.87,4726.52,2024-07-08 00:17:12.870,2024-07-08 00:18:46.520
BOT,14.0,0 days 00:01:33.156000,True,4726.52,4819.676,2024-07-08 00:18:46.520,2024-07-08 00:20:19.676
BOT,15.0,0 days 00:01:33.228000,False,4819.676,4912.904,2024-07-08 00:20:19.676,2024-07-08 00:21:52.904
BOT,16.0,0 days 00:01:33.967000,False,4912.904,5006.871,2024-07-08 00:21:52.904,2024-07-08 00:23:26.871
BOT,17.0,0 days 00:01:35.498000,False,5006.871,5102.369,2024-07-08 00:23:26.871,2024-07-08 00:25:02.369
BOT,18.0,0 days 00:01:36.075000,False,5102.369,5198.444,2024-07-08 00:25:02.369,2024-07-08 00:26:38.444
BOT,19.0,0 days 00:01:44.426000,False,5198.444,5302.87,2024-07-08 00:26:38.444,2024-07-08 00:28:22.870
BOT,20.0,0 days 00:01:38.542000,False,5302.87,5401.412,2024-07-08 00:28:22.870,2024-07-08 00:30:01.412
BOT,21.0,0 days 00:01:35.235000,False,5401.412,5496.647,2024-07-08 00:30:01.412,2024-07-08 00:31:36.647
BOT,22.0,0 days 00:01:34.030000,False,5496.647,5590.677,2024-07-08 00:31:36.647,2024-07-08 00:33:10.677
BOT,23.0,0 days 00:01:34.076000,False,5590.677,5684.753,2024-07-08 00:33:10.677,2024-07-08 00:34:44.753
BOT,24.0,0 days 00:01:37.350000,False,5684.753,5782.103,2024-07-08 00:34:44.753,2024-07-08 00:36:22.103
BOT,25.0,0 days 00:01:39.761000,False,5782.103,5881.864,2024-07-08 00:36:22.103,2024-07-08 00:38:01.864
BOT,26.0,0 days 00:01:49.533000,False,5881.864,5991.397,2024-07-08 00:38:01.864,2024-07-08 00:39:51.397
BOT,27.0,0 days 00:02:05.367000,False,5991.397,6116.764,2024-07-08 00:39:51.397,2024-07-08 00:41:56.764
BOT,28.0,0 days 00:01:42.562000,False,6116.764,6219.326,2024-07-08 00:41:56.764,2024-07-08 00:43:39.326
BOT,29.0,0 days 00:01:43.302000,False,6219.326,6322.628,2024-07-08 00:43:39.326,2024-07-08 00:45:22.628
BOT,30.0,0 days 00:01:43.472000,False,6322.628,6426.1,2024-07-08 00:45:22.628,2024-07-08 00:47:06.100
BOT,31.0,0 days 00:01:44.510000,False,6426.1,6530.61,2024-07-08 00:47:06.100,2024-07-08 00:48:50.610
BOT,32.0,0 days 00:01:45.199000,False,6530.61,6635.809,2024-07-08 00:48:50.610,2024-07-08 00:50:35.809
BOT,33.0,0 days 00:01:45.552000,False,6635.809,6741.361,2024-07-08 00:50:35.809,2024-07-08 00:52:21.361
BOT,34.0,0 days 00:01:45.199000,False,6741.361,6846.56,2024-07-08 00:52:21.361,2024-07-08 00:54:06.560
BOT,35.0,0 days 00:01:45.476000,False,6846.56,6952.036,2024-07-08 00:54:06.560,2024-07-08 00:55:52.036
BOT,36.0,0 days 00:01:42.968000,False,6952.036,7055.004,2024-07-08 00:55:52.036,2024-07-08 00:57:35.004
BOT,37.0,0 days 00:01:39.987000,False,7055.004,7154.991,2024-07-08 00:57:35.004,2024-07-08 00:59:14.991
BOT,38.0,0 days 00:02:06.628000,False,7154.991,7281.619,2024-07-08 00:59:14.991,2024-07-08 01:01:21.619
BOT,39.0,0 days 00:01:37.114000,False,7281.619,7378.733,2024-07-08 01:01:21.619,2024-07-08 01:02:58.733
BOT,40.0,0 days 00:01:32.973000,True,7378.733,7471.706,2024-07-08 01:02:58.733,2024-07-08 01:04:31.706
BOT,41.0,0 days 00:01:33.344000,False,7471.706,7565.05,2024-07-08 01:04:31.706,2024-07-08 01:06:05.050
BOT,42.0,0 days 00:01:32.348000,True,7565.05,7657.398,2024-07-08 01:06:05.050,2024-07-08 01:07:37.398
BOT,43.0,0 days 00:01:31.732000,True,7657.398,7749.13,2024-07-08 01:07:37.398,2024-07-08 01:09:09.130
BOT,44.0,0 days 00:01:31.277000,True,7749.13,7840.407,2024-07-08 01:09:09.130,2024-07-08 01:10:40.407
BOT,45.0,0 days 00:01:33.159000,False,7840.407,7933.566,2024-07-08 01:10:40.407,2024-07-08 01:12:13.566
BOT,46.0,0 days 00:01:31.396000,False,7933.566,8024.962,2024-07-08 01:12:13.566,2024-07-08 01:13:44.962
BOT,47.0,0 days 00:01:31.431000,False,8024.962,8116.393,2024-07-08 01:13:44.962,2024-07-08 01:15:16.393
BOT,48.0,0 days 00:01:32.006000,False,8116.393,8208.399,2024-07-08 01:15:16.393,2024-07-08 01:16:48.398
BOT,49.0,0 days 00:01:31.688000,False,8208.399,8300.087,2024-07-08 01:16:48.398,2024-07-08 01:18:20.087
BOT,50.0,0 days 00:01:32.320000,False,8300.087,8392.407,2024-07-08 01:18:20.087,2024-07-08 01:19:52.406
BOT,51.0,0 days 00:01:32.217000,False,8392.407,8484.624,2024-07-08 01:19:52.406,2024-07-08 01:21:24.624
OCO,1.0,0 days 00:01:43.052000,False,3495.512,3598.796,2024-07-07 23:58:15.512,2024-07-07 23:59:58.796
OCO,2.0,0 days 00:01:33.846000,True,3598.796,3692.642,2024-07-07 23:59:58.796,2024-07-08 00:01:32.642
OCO,3.0,0 days 00:01:33.479000,True,3692.642,3786.121,2024-07-08 00:01:32.642,2024-07-08 00:03:06.121
OCO,4.0,0 days 00:01:33.316000,True,3786.121,3879.437,2024-07-08 00:03:06.121,2024-07-08 00:04:39.437
OCO,5.0,0 days 00:01:33.210000,True,3879.437,3972.647,2024-07-08 00:04:39.437,2024-07-08 00:06:12.647
OCO,6.0,0 days 00:01:33.616000,False,3972.647,4066.263,2024-07-08 00:06:12.647,2024-07-08 00:07:46.263
OCO,7.0,0 days 00:01:35.183000,False,4066.263,4161.446,2024-07-08 00:07:46.263,2024-07-08 00:09:21.446
OCO,8.0,0 days 00:01:33.790000,False,4161.446,4255.236,2024-07-08 00:09:21.446,2024-07-08 00:10:55.236
OCO,9.0,0 days 00:01:33.898000,False,4255.236,4349.134,2024-07-08 00:10:55.236,2024-07-08 00:12:29.134
OCO,10.0,0 days 00:01:33.843000,False,4349.134,4442.977,2024-07-08 00:12:29.134,2024-07-08 00:14:02.977
OCO,11.0,0 days 00:01:33.846000,False,4442.977,4536.823,2024-07-08 00:14:02.977,2024-07-08 00:15:36.823
OCO,12.0,0 days 00:01:34.071000,False,4536.823,4630.894,2024-07-08 00:15:36.823,2024-07-08 00:17:10.894
OCO,13.0,0 days 00:01:34.491000,False,4630.894,4725.385,2024-07-08 00:17:10.894,2024-07-08 00:18:45.385
OCO,14.0,0 days 00:01:35.293000,False,4725.385,4820.678,2024-07-08 00:18:45.385,2024-07-08 00:20:20.678
OCO,15.0,0 days 00:01:34.884000,False,4820.678,4915.562,2024-07-08 00:20:20.678,2024-07-08 00:21:55.562
OCO,16.0,0 days 00:01:36.522000,False,4915.562,5012.084,2024-07-08 00:21:55.562,2024-07-08 00:23:32.084
OCO,17.0,0 days 00:01:38.735000,False,5012.084,5110.819,2024-07-08 00:23:32.084,2024-07-08 00:25:10.819
OCO,18.0,0 days 00:01:38.497000,False,5110.819,5209.316,2024-07-08 00:25:10.819,2024-07-08 00:26:49.316
OCO,19.0,0 days 00:01:41.731000,False,5209.316,5311.047,2024-07-08 00:26:49.316,2024-07-08 00:28:31.047
OCO,20.0,0 days 00:02:01.025000,False,5311.047,5432.072,2024-07-08 00:28:31.047,2024-07-08 00:30:32.072
OCO,21.0,0 days 00:01:39.736000,False,5432.072,5531.808,2024-07-08 00:30:32.072,2024-07-08 00:32:11.808
OCO,22.0,0 days 00:01:55.208000,False,5531.808,5647.016,2024-07-08 00:32:11.808,2024-07-08 00:34:07.016
OCO,23.0,0 days 00:01:35.488000,False,5647.016,5742.504,2024-07-08 00:34:07.016,2024-07-08 00:35:42.504
OCO,24.0,0 days 00:01:38.005000,False,5742.504,5840.509,2024-07-08 00:35:42.504,2024-07-08 00:37:20.509
OCO,25.0,0 days 00:01:47.432000,False,5840.509,5947.941,2024-07-08 00:37:20.509,2024-07-08 00:39:07.941
OCO,26.0,0 days 00:01:58.710000,False,5947.941,6066.651,2024-07-08 00:39:07.941,2024-07-08 00:41:06.651
OCO,27.0,0 days 00:02:02.736000,False,6066.651,6189.387,2024-07-08 00:41:06.651,2024-07-08 00:43:09.387
OCO,28.0,0 days 00:01:41.716000,False,6189.387,6291.103,2024-07-08 00:43:09.387,2024-07-08 00:44:51.103
OCO,29.0,0 days 00:01:42.362000,False,6291.103,6393.465,2024-07-08 00:44:51.103,2024-07-08 00:46:33.465
OCO,30.0,0 days 00:01:43.336000,False,6393.465,6496.801,2024-07-08 00:46:33.465,2024-07-08 00:48:16.801
OCO,31.0,0 days 00:01:44.019000,False,6496.801,6600.82,2024-07-08 00:48:16.801,2024-07-08 00:50:00.820
OCO,32.0,0 days 00:01:44.673000,False,6600.82,6705.493,2024-07-08 00:50:00.820,2024-07-08 00:51:45.493
OCO,33.0,0 days 00:01:45.290000,False,6705.493,6810.783,2024-07-08 00:51:45.493,2024-07-08 00:53:30.783
OCO,34.0,0 days 00:01:45.511000,False,6810.783,6916.294,2024-07-08 00:53:30.783,2024-07-08 00:55:16.294
OCO,35.0,0 days 00:01:42.995000,False,6916.294,7019.289,2024-07-08 00:55:16.294,2024-07-08 00:56:59.289
OCO,36.0,0 days 00:01:41.215000,False,7019.289,7120.504,2024-07-08 00:56:59.289,2024-07-08 00:58:40.504
OCO,37.0,0 days 00:01:42.235000,False,7120.504,7222.739,2024-07-08 00:58:40.504,2024-07-08 01:00:22.739
OCO,38.0,0 days 00:01:39.440000,False,7222.739,7322.179,2024-07-08 01:00:22.739,2024-07-08 01:02:02.179
OCO,39.0,0 days 00:02:00.130000,False,7322.179,7442.309,2024-07-08 01:02:02.179,2024-07-08 01:04:02.309
OCO,40.0,0 days 00:01:32.838000,True,7442.309,7535.147,2024-07-08 01:04:02.309,2024-07-08 01:05:35.147
OCO,41.0,0 days 00:01:31.114000,True,7535.147,7626.261,2024-07-08 01:05:35.147,2024-07-08 01:07:06.261
OCO,42.0,0 days 00:01:31.187000,False,7626.261,7717.448,2024-07-08 01:07:06.261,2024-07-08 01:08:37.448
OCO,43.0,0 days 00:01:31.084000,True,7717.448,7808.532,2024-07-08 01:08:37.448,2024-07-08 01:10:08.532
OCO,44.0,0 days 00:01:30.928000,True,7808.532,7899.46,2024-07-08 01:10:08.532,2024-07-08 01:11:39.460
OCO,45.0,0 days 00:01:30.952000,False,7899.46,7990.412,2024-07-08 01:11:39.460,2024-07-08 01:13:10.412
OCO,46.0,0 days 00:01:30.875000,True,7990.412,8081.287,2024-07-08 01:13:10.412,2024-07-08 01:14:41.287
OCO,47.0,0 days 00:01:33.599000,False,8081.287,8174.886,2024-07-08 01:14:41.287,2024-07-08 01:16:14.886
OCO,48.0,0 days 00:01:35.931000,False,8174.886,8270.817,2024-07-08 01:16:14.886,2024-07-08 01:17:50.816
OCO,49.0,0 days 00:01:31.060000,False,8270.817,8361.877,2024-07-08 01:17:50.816,2024-07-08 01:19:21.877
OCO,50.0,0 days 00:01:31.608000,False,8361.877,8453.485,2024-07-08 01:19:21.877,2024-07-08 01:20:53.485
PER,1.0,0 days 00:01:49.458000,False,3495.512,3605.202,2024-07-07 23:58:15.512,2024-07-08 00:00:05.202
PER,2.0,0 days 00:01:32.942000,True,3605.202,3698.144,2024-07-08 00:00:05.202,2024-07-08 00:01:38.144
PER,3.0,0 days 00:01:32.340000,True,3698.144,3790.484,2024-07-08 00:01:38.144,2024-07-08 00:03:10.484
PER,4.0,0 days 00:01:32.570000,False,3790.484,3883.054,2024-07-08 00:03:10.484,2024-07-08 00:04:43.054
PER,5.0,0 days 00:01:32.111000,True,3883.054,3975.165,2024-07-08 00:04:43.054,2024-07-08 00:06:15.165
PER,6.0,0 days 00:01:32.250000,False,3975.165,4067.415,2024-07-08 00:06:15.165,2024-07-08 00:07:47.415
PER,7.0,0 days 00:01:33.313000,False,4067.415,4160.728,2024-07-08 00:07:47.415,2024-07-08 00:09:20.728
PER,8.0,0 days 00:01:33.407000,False,4160.728,4254.135,2024-07-08 00:09:20.728,2024-07-08 00:10:54.135
PER,9.0,0 days 00:01:32.800000,False,4254.135,4346.935,2024-07-08 00:10:54.135,2024-07-08 00:12:26.935
PER,10.0,0 days 00:01:32.709000,False,4346.935,4439.644,2024-07-08 00:12:26.935,2024-07-08 00:13:59.644
PER,11.0,0 days 00:01:32.491000,False,4439.644,4532.135,2024-07-08 00:13:59.644,2024-07-08 00:15:32.135
PER,12.0,0 days 00:01:32.509000,False,4532.135,4624.644,2024-07-08 00:15:32.135,2024-07-08 00:17:04.644
PER,13.0,0 days 00:01:32.772000,False,4624.644,4717.416,2024-07-08 00:17:04.644,2024-07-08 00:18:37.416
PER,14.0,0 days 00:01:32.488000,False,4717.416,4809.904,2024-07-08 00:18:37.416,2024-07-08 00:20:09.904
PER,15.0,0 days 00:01:32.702000,False,4809.904,4902.606,2024-07-08 00:20:09.904,2024-07-08 00:21:42.606
PER,16.0,0 days 00:01:34.231000,False,4902.606,4996.837,2024-07-08 00:21:42.606,2024-07-08 00:23:16.837
PER,17.0,0 days 00:01:34.829000,False,4996.837,5091.666,2024-07-08 00:23:16.837,2024-07-08 00:24:51.666
PER,18.0,0 days 00:01:35.384000,False,5091.666,5187.05,2024-07-08 00:24:51.666,2024-07-08 00:26:27.050
PER,19.0,0 days 00:01:41.868000,False,5187.05,5288.918,2024-07-08 00:26:27.050,2024-07-08 00:28:08.918
PER,20.0,0 days 00:01:59.150000,False,5288.918,5408.068,2024-07-08 00:28:08.918,2024-07-08 00:30:08.068
PER,21.0,0 days 00:01:41.997000,False,5408.068,5510.065,2024-07-08 00:30:08.068,2024-07-08 00:31:50.065
PER,22.0,0 days 00:01:44.936000,False,5510.065,5615.001,2024-07-08 00:31:50.065,2024-07-08 00:33:35.001
PER,23.0,0 days 00:01:46.214000,False,5615.001,5721.215,2024-07-08 00:33:35.001,2024-07-08 00:35:21.215
PER,24.0,0 days 00:01:50.729000,False,5721.215,5831.944,2024-07-08 00:35:21.215,2024-07-08 00:37:11.944
PER,25.0,0 days 00:01:47.327000,False,5831.944,5939.271,2024-07-08 00:37:11.944,2024-07-08 00:38:59.271
PER,26.0,0 days 00:01:45.736000,False,5939.271,6045.007,2024-07-08 00:38:59.271,2024-07-08 00:40:45.007
PER,27.0,0 days 00:01:52.538000,False,6045.007,6157.545,2024-07-08 00:40:45.007,2024-07-08 00:42:37.545
PER,28.0,0 days 00:01:45.224000,False,6157.545,6262.769,2024-07-08 00:42:37.545,2024-07-08 00:44:22.769
PER,29.0,0 days 00:02:04.385000,False,6262.769,6387.154,2024-07-08 00:44:22.769,2024-07-08 00:46:27.154
PER,30.0,0 days 00:01:40.021000,False,6387.154,6487.175,2024-07-08 00:46:27.154,2024-07-08 00:48:07.175
PER,31.0,0 days 00:01:42.676000,False,6487.175,6589.851,2024-07-08 00:48:07.175,2024-07-08 00:49:49.851
PER,32.0,0 days 00:01:44.035000,False,6589.851,6693.886,2024-07-08 00:49:49.851,2024-07-08 00:51:33.886
PER,33.0,0 days 00:01:44.641000,False,6693.886,6798.527,2024-07-08 00:51:33.886,2024-07-08 00:53:18.527
PER,34.0,0 days 00:01:45.045000,False,6798.527,6903.572,2024-07-08 00:53:18.527,2024-07-08 00:55:03.572
PER,35.0,0 days 00:01:43.534000,False,6903.572,7007.106,2024-07-08 00:55:03.572,2024-07-08 00:56:47.106
PER,36.0,0 days 00:01:41.845000,False,7007.106,7108.951,2024-07-08 00:56:47.106,2024-07-08 00:58:28.951
PER,37.0,0 days 00:01:39.697000,False,7108.951,7208.648,2024-07-08 00:58:28.951,2024-07-08 01:00:08.648
PER,38.0,0 days 00:02:00.171000,False,7208.648,7328.819,2024-07-08 01:00:08.648,2024-07-08 01:02:08.819
PER,39.0,0 days 00:01:32.722000,False,7328.819,7421.541,2024-07-08 01:02:08.819,2024-07-08 01:03:41.541
PER,40.0,0 days 00:01:33.219000,False,7421.541,7514.76,2024-07-08 01:03:41.541,2024-07-08 01:05:14.760
PER,41.0,0 days 00:01:30.689000,True,7514.76,7605.449,2024-07-08 01:05:14.760,2024-07-08 01:06:45.449
PER,42.0,0 days 00:01:30.542000,True,7605.449,7695.991,2024-07-08 01:06:45.449,2024-07-08 01:08:15.991
PER,43.0,0 days 00:01:30.229000,True,7695.991,7786.22,2024-07-08 01:08:15.991,2024-07-08 01:09:46.220
PER,44.0,0 days 00:01:30.518000,False,7786.22,7876.738,2024-07-08 01:09:46.220,2024-07-08 01:11:16.738
PER,45.0,0 days 00:01:30.565000,False,7876.738,7967.303,2024-07-08 01:11:16.738,2024-07-08 01:12:47.303
PER,46.0,0 days 00:01:30.136000,True,7967.303,8057.439,2024-07-08 01:12:47.303,2024-07-08 01:14:17.439
PER,47.0,0 days 00:01:30.795000,False,8057.439,8148.234,2024-07-08 01:14:17.439,2024-07-08 01:15:48.234
PER,48.0,0 days 00:02:05.507000,False,8148.234,8273.741,2024-07-08 01:15:48.234,2024-07-08 01:17:53.741
PER,49.0,0 days 00:01:37.360000,False,8273.741,8371.101,2024-07-08 01:17:53.741,2024-07-08 01:19:31.101
PER,50.0,0 days 00:01:29.707000,True,8371.101,8460.808,2024-07-08 01:19:31.101,2024-07-08 01:21:00.808
ZHO,1.0,0 days 00:01:42.231000,False,3495.512,3597.975,2024-07-07 23:58:15.512,2024-07-07 23:59:57.975
ZHO,2.0,0 days 00:01:33.563000,True,3597.975,3691.538,2024-07-07 23:59:57.975,2024-07-08 00:01:31.538
ZHO,3.0,0 days 00:01:33.487000,True,3691.538,3785.025,2024-07-08 00:01:31.538,2024-07-08 00:03:05.025
ZHO,4.0,0 days 00:01:33.221000,True,3785.025,3878.246,2024-07-08 00:03:05.025,2024-07-08 00:04:38.246
ZHO,5.0,0 days 00:01:33.271000,False,3878.246,3971.517,2024-07-08 00:04:38.246,2024-07-08 00:06:11.517
ZHO,6.0,0 days 00:01:33.788000,False,3971.517,4065.305,2024-07-08 00:06:11.517,2024-07-08 00:07:45.305
ZHO,7.0,0 days 00:01:34.510000,False,4065.305,4159.815,2024-07-08 00:07:45.305,2024-07-08 00:09:19.814
ZHO,8.0,0 days 00:01:36.323000,False,4159.815,4256.138,2024-07-08 00:09:19.814,2024-07-08 00:10:56.138
ZHO,9.0,0 days 00:01:35.322000,False,4256.138,4351.46,2024-07-08 00:10:56.138,2024-07-08 00:12:31.460
ZHO,10.0,0 days 00:01:35.828000,False,4351.46,4447.288,2024-07-08 00:12:31.460,2024-07-08 00:14:07.288
ZHO,11.0,0 days 00:01:35.012000,False,4447.288,4542.3,2024-07-08 00:14:07.288,2024-07-08 00:15:42.300
ZHO,12.0,0 days 00:01:34.235000,False,4542.3,4636.535,2024-07-08 00:15:42.300,2024-07-08 00:17:16.535
ZHO,13.0,0 days 00:01:55.049000,False,4636.535,4751.584,2024-07-08 00:17:16.535,2024-07-08 00:19:11.584
ZHO,14.0,0 days 00:01:32.450000,True,4751.584,4844.034,2024-07-08 00:19:11.584,2024-07-08 00:20:44.034
ZHO,15.0,0 days 00:01:32.479000,False,4844.034,4936.513,2024-07-08 00:20:44.034,2024-07-08 00:22:16.513
ZHO,16.0,0 days 00:01:35.202000,False,4936.513,5031.715,2024-07-08 00:22:16.513,2024-07-08 00:23:51.715
ZHO,17.0,0 days 00:01:38.106000,False,5031.715,5129.821,2024-07-08 00:23:51.715,2024-07-08 00:25:29.821
ZHO,18.0,0 days 00:01:39.637000,False,5129.821,5229.458,2024-07-08 00:25:29.821,2024-07-08 00:27:09.458
ZHO,19.0,0 days 00:01:46.313000,False,5229.458,5335.771,2024-07-08 00:27:09.458,2024-07-08 00:28:55.771
ZHO,20.0,0 days 00:02:05.955000,False,5335.771,5461.726,2024-07-08 00:28:55.771,2024-07-08 00:31:01.726
ZHO,21.0,0 days 00:01:44.560000,False,5461.726,5566.286,2024-07-08 00:31:01.726,2024-07-08 00:32:46.286
ZHO,22.0,0 days 00:01:50.248000,False,5566.286,5676.534,2024-07-08 00:32:46.286,2024-07-08 00:34:36.534
ZHO,23.0,0 days 00:01:50.081000,False,5676.534,5786.615,2024-07-08 00:34:36.534,2024-07-08 00:36:26.615
ZHO,24.0,0 days 00:01:48.867000,False,5786.615,5895.482,2024-07-08 00:36:26.615,2024-07-08 00:38:15.482
ZHO,25.0,0 days 00:01:48.245000,False,5895.482,6003.727,2024-07-08 00:38:15.482,2024-07-08 00:40:03.727
ZHO,26.0,0 days 00:01:45.113000,False,6003.727,6108.84,2024-07-08 00:40:03.727,2024-07-08 00:41:48.840
ZHO,27.0,0 days 00:02:04.515000,False,6108.84,6233.355,2024-07-08 00:41:48.840,2024-07-08 00:43:53.355
ZHO,28.0,0 days 00:01:41.866000,False,6233.355,6335.221,2024-07-08 00:43:53.355,2024-07-08 00:45:35.221
ZHO,29.0,0 days 00:01:41.993000,False,6335.221,6437.214,2024-07-08 00:45:35.221,2024-07-08 00:47:17.214
ZHO,30.0,0 days 00:01:43.157000,False,6437.214,6540.371,2024-07-08 00:47:17.214,2024-07-08 00:49:00.371
ZHO,31.0,0 days 00:01:44.316000,False,6540.371,6644.687,2024-07-08 00:49:00.371,2024-07-08 00:50:44.687
ZHO,32.0,0 days 00:01:45.029000,False,6644.687,6749.716,2024-07-08 00:50:44.687,2024-07-08 00:52:29.716
ZHO,33.0,0 days 00:01:45.412000,False,6749.716,6855.128,2024-07-08 00:52:29.716,2024-07-08 00:54:15.128
ZHO,34.0,0 days 00:01:48.010000,False,6855.128,6963.138,2024-07-08 00:54:15.128,2024-07-08 00:56:03.138
ZHO,35.0,0 days 00:01:42.569000,False,6963.138,7065.707,2024-07-08 00:56:03.138,2024-07-08 00:57:45.707
ZHO,36.0,0 days 00:01:42.823000,False,7065.707,7168.53,2024-07-08 00:57:45.707,2024-07-08 00:59:28.530
ZHO,37.0,0 days 00:01:41.608000,False,7168.53,7270.138,2024-07-08 00:59:28.530,2024-07-08 01:01:10.138
ZHO,38.0,0 days 00:02:06.729000,False,7270.138,7396.867,2024-07-08 01:01:10.138,2024-07-08 01:03:16.867
ZHO,39.0,0 days 00:01:32.696000,False,7396.867,7489.563,2024-07-08 01:03:16.867,2024-07-08 01:04:49.563
ZHO,40.0,0 days 00:01:33.170000,False,7489.563,7582.733,2024-07-08 01:04:49.563,2024-07-08 01:06:22.733
ZHO,41.0,0 days 00:01:31.151000,True,7582.733,7673.884,2024-07-08 01:06:22.733,2024-07-08 01:07:53.884
ZHO,42.0,0 days 00:01:31.121000,True,7673.884,7765.005,2024-07-08 01:07:53.884,2024-07-08 01:09:25.005
ZHO,43.0,0 days 00:01:31.014000,True,7765.005,7856.019,2024-07-08 01:09:25.005,2024-07-08 01:10:56.019
ZHO,44.0,0 days 00:01:31.378000,False,7856.019,7947.397,2024-07-08 01:10:56.019,2024-07-08 01:12:27.397
ZHO,45.0,0 days 00:01:31.360000,False,7947.397,8038.757,2024-07-08 01:12:27.397,2024-07-08 01:13:58.757
ZHO,46.0,0 days 00:01:31.430000,False,8038.757,8130.187,2024-07-08 01:13:58.757,2024-07-08 01:15:30.187
ZHO,47.0,0 days 00:01:31.283000,False,8130.187,8221.47,2024-07-08 01:15:30.187,2024-07-08 01:17:01.469
ZHO,48.0,0 days 00:01:31.556000,False,8221.47,8313.026,2024-07-08 01:17:01.469,2024-07-08 01:18:33.026
ZHO,49.0,0 days 00:01:32.504000,False,8313.026,8405.53,2024-07-08 01:18:33.026,2024-07-08 01:20:05.530
ZHO,50.0,0 days 00:01:31.749000,False,8405.53,8497.279,2024-07-08 01:20:05.530,2024-07-08 01:21:37.279
RUS,1.0,0 days 00:01:35.211000,False,3495.512,3590.955,2024-07-07 23:58:15.512,2024-07-07 23:59:50.955
RUS,2.0,0 days 00:01:31.418000,True,3590.955,3682.373,2024-07-07 23:59:50.955,2024-07-08 00:01:22.373
RUS,3.0,0 days 00:01:31.298000,True,3682.373,3773.671,2024-07-08 00:01:22.373,2024-07-08 00:02:53.671
RUS,4.0,0 days 00:01:31.799000,False,3773.671,3865.47,2024-07-08 00:02:53.671,2024-07-08 00:04:25.470
RUS,5.0,0 days 00:01:31.628000,False,3865.47,3957.098,2024-07-08 00:04:25.470,2024-07-08 00:05:57.098
RUS,6.0,0 days 00:01:31.625000,False,3957.098,4048.723,2024-07-08 00:05:57.098,2024-07-08 00:07:28.723
RUS,7.0,0 days 00:01:31.663000,False,4048.723,4140.386,2024-07-08 00:07:28.723,2024-07-08 00:09:00.386
RUS,8.0,0 days 00:01:31.731000,False,4140.386,4232.117,2024-07-08 00:09:00.386,2024-07-08 00:10:32.117
RUS,9.0,0 days 00:01:31.621000,False,4232.117,4323.738,2024-07-08 00:10:32.117,2024-07-08 00:12:03.738
RUS,10.0,0 days 00:01:31.639000,False,4323.738,4415.377,2024-07-08 00:12:03.738,2024-07-08 00:13:35.377
RUS,11.0,0 days 00:01:31.586000,False,4415.377,4506.963,2024-07-08 00:13:35.377,2024-07-08 00:15:06.963
RUS,12.0,0 days 00:01:31.619000,False,4506.963,4598.582,2024-07-08 00:15:06.963,2024-07-08 00:16:38.582
RUS,13.0,0 days 00:01:31.716000,False,4598.582,4690.298,2024-07-08 00:16:38.582,2024-07-08 00:18:10.298
RUS,14.0,0 days 00:01:31.478000,False,4690.298,4781.776,2024-07-08 00:18:10.298,2024-07-08 00:19:41.776
RUS,15.0,0 days 00:01:31.566000,False,4781.776,4873.342,2024-07-08 00:19:41.776,2024-07-08 00:21:13.342
RUS,16.0,0 days 00:01:31.626000,False,4873.342,4964.968,2024-07-08 00:21:13.342,2024-07-08 00:22:44.968
RUS,17.0,0 days 00:01:34.793000,False,4964.968,5059.761,2024-07-08 00:22:44.968,2024-07-08 00:24:19.761
RUS,18.0,0 days 00:01:36.365000,False,5059.761,5156.126,2024-07-08 00:24:19.761,2024-07-08 00:25:56.126
RUS,19.0,0 days 00:01:44.151000,False,5156.126,5260.277,2024-07-08 00:25:56.126,2024-07-08 00:27:40.277
RUS,20.0,0 days 00:01:39.962000,False,5260.277,5360.239,2024-07-08 00:27:40.277,2024-07-08 00:29:20.239
RUS,21.0,0 days 00:01:32.753000,False,5360.239,5452.992,2024-07-08 00:29:20.239,2024-07-08 00:30:52.992
RUS,22.0,0 days 00:01:31.344000,False,5452.992,5544.336,2024-07-08 00:30:52.992,2024-07-08 00:32:24.336
RUS,23.0,0 days 00:01:31.497000,False,5544.336,5635.833,2024-07-08 00:32:24.336,2024-07-08 00:33:55.833
RUS,24.0,0 days 00:01:31.968000,False,5635.833,5727.801,2024-07-08 00:33:55.833,2024-07-08 00:35:27.801
RUS,25.0,0 days 00:01:34.781000,False,5727.801,5822.582,2024-07-08 00:35:27.801,2024-07-08 00:37:02.582
RUS,26.0,0 days 00:01:39.949000,False,5822.582,5922.531,2024-07-08 00:37:02.582,2024-07-08 00:38:42.531
RUS,27.0,0 days 00:01:47.698000,False,5922.531,6030.229,2024-07-08 00:38:42.531,2024-07-08 00:40:30.229
RUS,28.0,0 days 00:02:04.342000,False,6030.229,6154.571,2024-07-08 00:40:30.229,2024-07-08 00:42:34.571
RUS,29.0,0 days 00:01:40.405000,False,6154.571,6254.976,2024-07-08 00:42:34.571,2024-07-08 00:44:14.976
RUS,30.0,0 days 00:01:41.237000,False,6254.976,6356.213,2024-07-08 00:44:14.976,2024-07-08 00:45:56.213
RUS,31.0,0 days 00:01:41.902000,False,6356.213,6458.115,2024-07-08 00:45:56.213,2024-07-08 00:47:38.115
RUS,32.0,0 days 00:01:43.085000,False,6458.115,6561.2,2024-07-08 00:47:38.115,2024-07-08 00:49:21.200
RUS,33.0,0 days 00:01:46.221000,False,6561.2,6667.421,2024-07-08 00:49:21.200,2024-07-08 00:51:07.421
GAS,1.0,,False,3495.512,3590.955,2024-07-07 23:58:15.512,2024-07-07 23:59:50.955
